CREATE
    DATABASE cogy_ecommerce_database;
USE
    cogy_ecommerce_database;


CREATE TABLE ROLE
(
    ID          VARCHAR(36) PRIMARY KEY,
    NAME        VARCHAR(50)  NOT NULL,
    DESCRIPTION VARCHAR(100) NOT NULL
);

DELIMITER $$
CREATE TRIGGER ROLE_INSERT_TRIGGER
    BEFORE INSERT
    ON ROLE
    FOR EACH ROW
BEGIN
    IF NEW.ID IS NULL THEN
        SET NEW.ID = UUID();
    END IF;
END$$
DELIMITER ;

CREATE TABLE USER
(
    ID        VARCHAR(36) PRIMARY KEY,
    ACTIVE    BOOLEAN                     DEFAULT TRUE,
    EMAIL     VARCHAR(50) UNIQUE NOT NULL,
    FULL_NAME VARCHAR(50)        NOT NULL,
    PASSWORD  TEXT               NOT NULL,
    PHONE     VARCHAR(12) UNIQUE NOT NULL,
    USERNAME  VARCHAR(20) UNIQUE NOT NULL,
    WALLET    DOUBLE             NOT NULL DEFAULT 0 CHECK ( WALLET >= 0 )
);

DELIMITER $$
CREATE TRIGGER USER_INSERT_TRIGGER
    BEFORE INSERT
    ON USER
    FOR EACH ROW
BEGIN
    IF NEW.ID IS NULL THEN
        SET NEW.ID = UUID();
    END IF;
END$$
DELIMITER ;

CREATE TABLE USERS_ROLES
(
    USER_ID VARCHAR(36),
    ROLE_ID VARCHAR(36),
    PRIMARY KEY (USER_ID, ROLE_ID)
);

CREATE TABLE LOCATION
(
    ID                  VARCHAR(36) PRIMARY KEY,
    PROVINCE            VARCHAR(100),
    DISTRICT            VARCHAR(100),
    WARD                VARCHAR(100),
    HAMLET              VARCHAR(100),
    ADDRESS             TEXT,
    IS_PICK_UP_ADDRESS  BOOLEAN NOT NULL,
    IS_DELIVERY_ADDRESS BOOLEAN NOT NULL,
    USER_ID             VARCHAR(36),
    FOREIGN KEY (USER_ID) REFERENCES USER (ID)
);

DELIMITER $$
CREATE TRIGGER LOCATION_INSERT_TRIGGER
    BEFORE INSERT
    ON LOCATION
    FOR EACH ROW
BEGIN
    IF NEW.ID IS NULL THEN
        SET NEW.ID = UUID();
    END IF;
END$$
DELIMITER ;

CREATE TABLE SHOP
(
    ID      VARCHAR(36) PRIMARY KEY,
    NAME    VARCHAR(50) NOT NULL,
    USER_ID VARCHAR(36) unique,
    FOREIGN KEY (USER_ID) REFERENCES USER (ID)
);

DELIMITER $$
CREATE TRIGGER SHOP_INSERT_TRIGGER
    BEFORE INSERT
    ON SHOP
    FOR EACH ROW
BEGIN
    IF NEW.ID IS NULL THEN
        SET NEW.ID = UUID();
    END IF;
END$$
DELIMITER ;

CREATE TABLE CATEGORY
(
    ID     VARCHAR(36) PRIMARY KEY,
    NAME   VARCHAR(50) NOT NULL,
    ACTIVE BOOLEAN DEFAULT TRUE,
    IMAGE TEXT NOT NULL
);

DELIMITER $$
CREATE TRIGGER CATEGORY_INSERT_TRIGGER
    BEFORE INSERT
    ON CATEGORY
    FOR EACH ROW
BEGIN
    IF NEW.ID IS NULL THEN
        SET NEW.ID = UUID();
    END IF;
END$$
DELIMITER ;

CREATE TABLE SUB_CATEGORY
(
    ID          VARCHAR(36) PRIMARY KEY,
    NAME        VARCHAR(50) NOT NULL,
    ACTIVE      BOOLEAN DEFAULT TRUE,
    CATEGORY_ID VARCHAR(36),
    FOREIGN KEY (CATEGORY_ID) REFERENCES CATEGORY (ID)
);

DELIMITER $$
CREATE TRIGGER SUB_CATEGORY_INSERT_TRIGGER
    BEFORE INSERT
    ON SUB_CATEGORY
    FOR EACH ROW
BEGIN
    IF NEW.ID IS NULL THEN
        SET NEW.ID = UUID();
    END IF;
END$$
DELIMITER ;

CREATE TABLE PRODUCT
(
    ID                 VARCHAR(36) PRIMARY KEY,
    NAME               VARCHAR(255) NOT NULL,
    IMAGE             TEXT,
    DESCRIPTION        LONGBLOB,
    VIEW               BIGINT  DEFAULT 0 CHECK ( VIEW >= 0 ),
    NUMBER_OF_PURCHASE BIGINT  DEFAULT 0 CHECK ( NUMBER_OF_PURCHASE >= 0 ),
    ACTIVE             BOOLEAN DEFAULT TRUE,
    IS_SHOWN           BOOLEAN DEFAULT TRUE,
    SUB_CATEGORY_ID    VARCHAR(36),
    FOREIGN KEY (SUB_CATEGORY_ID) REFERENCES SUB_CATEGORY (ID),
    SHOP_ID            VARCHAR(36),
    FOREIGN KEY (SHOP_ID) REFERENCES SHOP (ID)
);

DELIMITER $$
CREATE TRIGGER PRODUCT_INSERT_TRIGGER
    BEFORE INSERT
    ON PRODUCT
    FOR EACH ROW
BEGIN
    IF NEW.ID IS NULL THEN
        SET NEW.ID = UUID();
    END IF;
END$$
DELIMITER ;

CREATE TABLE PHOTO
(
    ID         VARCHAR(36) PRIMARY KEY,
    URL        TEXT,
    PRODUCT_ID VARCHAR(36),
    FOREIGN KEY (PRODUCT_ID) REFERENCES PRODUCT (ID)
);

DELIMITER $$
CREATE TRIGGER PHOTO_INSERT_TRIGGER
    BEFORE INSERT
    ON PHOTO
    FOR EACH ROW
BEGIN
    IF NEW.ID IS NULL THEN
        SET NEW.ID = UUID();
    END IF;
END$$
DELIMITER ;

CREATE TABLE SIZE
(
    ID     VARCHAR(36) PRIMARY KEY,
    NAME   VARCHAR(25) NOT NULL,
    ACTIVE BOOLEAN DEFAULT TRUE
);

DELIMITER $$
CREATE TRIGGER SIZE_INSERT_TRIGGER
    BEFORE INSERT
    ON SIZE
    FOR EACH ROW
BEGIN
    IF NEW.ID IS NULL THEN
        SET NEW.ID = UUID();
    END IF;
END$$
DELIMITER ;

CREATE TABLE COLOR
(
    ID     VARCHAR(36) PRIMARY KEY,
    NAME   VARCHAR(25) NOT NULL,
    ACTIVE BOOLEAN DEFAULT TRUE
);
DELIMITER $$
CREATE TRIGGER COLOR_INSERT_TRIGGER
    BEFORE INSERT
    ON COLOR
    FOR EACH ROW
BEGIN
    IF NEW.ID IS NULL THEN
        SET NEW.ID = UUID();
    END IF;
END$$
DELIMITER ;

CREATE TABLE VARIANT
(
    ID           VARCHAR(36) PRIMARY KEY,
    IMPORT_PRICE DOUBLE NOT NULL CHECK ( IMPORT_PRICE >= 0 ),
    SALE_PRICE   DOUBLE NOT NULL CHECK ( SALE_PRICE >= 0 ),
    QUANTITY     INT    NOT NULL CHECK ( QUANTITY >= 0 ),
    WEIGHT       DOUBLE NOT NULL CHECK ( WEIGHT > 0 ),
    ACTIVE       BOOLEAN DEFAULT TRUE,
    IS_SHOWN     BOOLEAN DEFAULT TRUE,
    PRODUCT_ID   VARCHAR(36),
    SIZE_ID      VARCHAR(36),
    COLOR_ID     VARCHAR(36),
    FOREIGN KEY (PRODUCT_ID) REFERENCES PRODUCT (ID),
    FOREIGN KEY (SIZE_ID) REFERENCES SIZE (ID),
    FOREIGN KEY (COLOR_ID) REFERENCES COLOR (ID)
);

DELIMITER $$
CREATE TRIGGER VARIANT_INSERT_TRIGGER
    BEFORE INSERT
    ON VARIANT
    FOR EACH ROW
BEGIN
    IF NEW.ID IS NULL THEN
        SET NEW.ID = UUID();
    END IF;
END$$
DELIMITER ;

CREATE TABLE CART
(
    ID      VARCHAR(36) PRIMARY KEY,
    USER_ID VARCHAR(36) UNIQUE,
    FOREIGN KEY (USER_ID) REFERENCES USER (ID)
);

DELIMITER $$
CREATE TRIGGER CART_INSERT_TRIGGER
    BEFORE INSERT
    ON CART
    FOR EACH ROW
BEGIN
    IF NEW.ID IS NULL THEN
        SET NEW.ID = UUID();
    END IF;
END$$
DELIMITER ;

CREATE TABLE CART_LINE
(
    ID         VARCHAR(36) PRIMARY KEY,
    QUANTITY   INT NOT NULL CHECK ( QUANTITY >= 0 ),
    CART_ID    VARCHAR(36),
    VARIANT_ID VARCHAR(36),
    FOREIGN KEY (CART_ID) REFERENCES CART (ID),
    FOREIGN KEY (VARIANT_ID) REFERENCES VARIANT (ID)
);

DELIMITER $$
CREATE TRIGGER CART_LINE_INSERT_TRIGGER
    BEFORE INSERT
    ON CART_LINE
    FOR EACH ROW
BEGIN
    IF NEW.ID IS NULL THEN
        SET NEW.ID = UUID();
    END IF;
END$$
DELIMITER ;

CREATE TABLE ORDERS
(
    ID           VARCHAR(36) PRIMARY KEY,
    BUYER_ID     VARCHAR(36),
    FOREIGN KEY (BUYER_ID) REFERENCES USER (ID),
    IS_FREE_SHIP BOOLEAN NOT NULL,
    TOTAL_PRICE  DOUBLE CHECK ( TOTAL_PRICE >= 0 ),
    STATUS_TEXT  VARCHAR(100)
);

DELIMITER $$
CREATE TRIGGER ORDERS_INSERT_TRIGGER
    BEFORE INSERT
    ON ORDERS
    FOR EACH ROW
BEGIN
    IF NEW.ID IS NULL THEN
        SET NEW.ID = UUID();
    END IF;
END$$
DELIMITER ;

CREATE TABLE ORDER_DETAIL
(
    ID         VARCHAR(36) PRIMARY KEY,
    QUANTITY   INT NOT NULL CHECK ( QUANTITY >= 0 ),
    VARIANT_ID VARCHAR(36),
    FOREIGN KEY (VARIANT_ID) REFERENCES VARIANT (ID),
    ORDERS_ID  VARCHAR(36),
    FOREIGN KEY (ORDERS_ID) REFERENCES ORDERS (ID)
);

DELIMITER $$
CREATE TRIGGER ORDER_DETAIL_INSERT_TRIGGER
    BEFORE INSERT
    ON ORDER_DETAIL
    FOR EACH ROW
BEGIN
    IF NEW.ID IS NULL THEN
        SET NEW.ID = UUID();
    END IF;
END$$
DELIMITER ;

INSERT INTO ROLE (ID, NAME, DESCRIPTION)
VALUES ('5a8eb69c-1818-11ee-a323-902b34728d5d', 'ROLE_ADMIN', 'Quản trị viên'),
       ('5a8eddc3-1818-11ee-a323-902b34728d5d', 'ROLE_CUSTOMER', 'Khách hàng'),
       ('5a8ee04f-1818-11ee-a323-902b34728d5d', 'ROLE_SHOP', 'Nhà bán hàng')
;

INSERT INTO USER (ID, EMAIL, FULL_NAME, PHONE, USERNAME, PASSWORD)
VALUES ('5a95a5f3-1818-11ee-a323-902b34728d5d', 'shopee@gmail.com', 'ADMIN SHOPEE', '0999999999', 'admin',
        '$2a$10$/fEKrX3F3sRz/CMMCgIaXuYaM01ZamVlqvf4TeQxOUupGUDBkpliK');
INSERT INTO USERS_ROLES (USER_ID, ROLE_ID)
VALUES ('5a95a5f3-1818-11ee-a323-902b34728d5d', '5a8eb69c-1818-11ee-a323-902b34728d5d');
# Username admin : admin
# Mật khẩu: Huong@123

INSERT INTO CATEGORY (ID, NAME, IMAGE)
VALUES ('ec961743-181a-11ee-a323-902b34728d5d', 'Thời Trang Nam', 'https://banner2.cleanpng.com/20180925/fal/kisspng-blouse-t-shirt-tops-clothing-women39s-executive-oxford-dress-shirt-red-kap-5ba9df03962ba5.7428614415378593316151.jpg'),
       ('ec961d20-181a-11ee-a323-902b34728d5d', 'Điện thoại & Phụ Kiện', 'https://vuatao.vn/wp-content/uploads/2022/10/1.png'),
       ('ec961ee8-181a-11ee-a323-902b34728d5d', 'Thiết Bị Điện Tử', 'https://banner2.cleanpng.com/20180329/faq/kisspng-electronics-electricity-electrical-engineering-mai-home-appliances-5abc96abda2ca2.0355190215223087798937.jpg'),
       ('ec9620c7-181a-11ee-a323-902b34728d5d', 'Máy Tính & Laptop', 'data:image/jpeg;base64,/9j/4AAQSkZJRgABAQAAAQABAAD/2wCEAAoHCBYVFRgWFhUZGBgYGRgcGhgaGRgeHh4aGRgaHBgaGhkcIS4lHB4rIRocJjgmKy8xNTU1GiQ7QDs0QC40NTEBDAwMDw8QHxISHD8sJCc3ND84MTM/Nzc/NDQ/NTE/Pz0xNTs/PzQ0NDQ/NzQ2NDQxMTU0NDQxNjY2NDQ+NDQ0NP/AABEIAKcBLQMBIgACEQEDEQH/xAAcAAABBQEBAQAAAAAAAAAAAAACAAEDBAUGBwj/xABIEAABAwIEAwUFBQQGCAcAAAABAAIRAyEEEjFBBVFhEyJxgaEGMpGxwQdCUtHwFGKS4SNygpOiwhUXJDODstLxQ0RTVHOz4//EABkBAQADAQEAAAAAAAAAAAAAAAABAgMEBf/EACkRAQACAgEDBAIBBQEAAAAAAAABAgMRBBIhMRRBUWFxgaEFEyLB0RX/2gAMAwEAAhEDEQA/APYXOBBAKjpCDJsk2mRc7InOzWCBq14i6KkYEGyFnd13Sc3NcIBe0kkgKZzgQRKEVALHZAKZF+SBUhBk2T1rxF07nZrBMzu67oHpGBBsge0kkgIntzXHgiFQNEHZARcIidlFTEGTZMKZF+V0bnBwgIFVMxF0qJgXtdMwZdd0ntzXHggF7SSSBKmLhETshDw0QdkApkGfNAqbSDJsEVUzpdJzg4QNUzBl13QPRMC9lHUaSSQJCNzc1wia8AQdQgIuEROyhptIMkQE/ZmZ21RueCIGpQNVM6XSomBeyZoy3KThmuEA1GkmQJCmzCInZC14Ag6hB2ZmdtUA02kEEiApKxkWunLwRA1KFoy3KB6RjWyCo0kyBIRPGa42TteGiDqgIPERN4UNNpBBIgIuzMztqjLwRA1KBqpkWulSMTNkzW5blJ4zabIGqNJMi4UgcIibwha4NEFCaZJnbVALAQQSICsdoOYQF4cIG6DsT0QP2ua0apZct9URpgXGyFj81igXvdI89Us2W2qT+7punY3NcoG7LNeYlLtZtGtkzqhFhsjNMC/JAOXLfVL3ukeaTH5rFJ/d03QLNltrvyS7ObzEp2tzXPghdUIsNkD9rNo1slky3mURpgX5XQNcXWKB5zdI80s2W2u/JO4ZdN0mtzXPggbs5vMSl2s2jp9EznkWGyqcbrCjh61XdlN7h4hpI9YQeZ4r2rxbqj3MxBYzO7I1tOmQGBxDbuaSSQAfNAfavH/+5nxpUv8ApWXhacNA5AD4BWmYYuEgA3iLSuivHm1YttOlxvtdjx/5hvnSZ9E59r8d/wCqw+NEfRyzn0oMED03vshyDkrelt8p6WwPbbH/AI6J/wCCfpUTM9tscDM4c+NN/wBHrI7Ick3Zjko9Jf5g0v8AE/tIxtMNJbh3STAFOpoBc+/p+apUftexQ1oUD5PH+dc7xSiyo+TMN7ov8fVUjw5n73x/krejy/R0y7T/AFvVyZOGpeTnj6qZv2yVYg4Rn944fRcIeGs5u+I/JD/oxv4nen5KPSZfhHTLvWfbE8Gf2Np/4pH+RSn7ZHHXBD+//wDzXnh4YPxn4BCeF/v/AOH+aj0mb4/k6Zek0vtkA1wR/vh/0I/9cNMmThHjwqNP+ULzI8LP4x/D/NMeGO/EPgVX0uX4NS9Wb9slDQ4Wr5OYV3fBOJMxNBmIp5srwSA4AOBBLS0wSJBBFpFl8yV6OR2UkHTTqvpD2Nwxp4LDUyI/omE+Lxmd6krG1ZrOpQ282a2m/NKcvWfJO9uW4TNGbXZQFkzXmEu1i0dEznFtgj7MET5oB7OLzMJdv09UzXk2O6k7EdUETHEkAlSVGgCRZO5wIIBUdIQZNkD0e9M3TVTBgWT1rxF/BFSMCDZA7GggEhRNeSQJSe0kkgKZzgQRKAajQBIsho96ZumpCDJsnrXiL+CBqpgwLKRjQRJCGkYF7eKB7SSSAgTXmYndSVGgCRZEXCInZRUxBk2QPS72t01UwYFrIqpmIv4JUTAva+6B2NBEkSuW9vsSW4RzZ9+oxvlmzOH8LCule0kkgSuI+07Ez+z0wd3vP9kBjf8And8EHG0xZTNDts3lKjAWzSeAAI06L1d9NYhhyM/9mI7eWSWncH4FCttuXr6KlWILjO0Aa8uimtur2U4/KnNfp17fKioMZWyMJ30HiVfIE7ev1VTiTGHIIBNyf18BtvrK2rXqmIdlrRWs2n2c8kuwx/s6yjSY9w7zoJbEAAtzWcD3oEA6XI1WZwz2fdWY54LGwHEBziC4MALiANgDrzWfI5ePDETO53vx9OX1lYnUxO2Ekpn0hna1u+UeZP8A2WuzgbCLl482fop6zFFYtM63G4/Duw1tmr11jswklpVuGNb98+YuqFSlE3V68nFaYiJ8rWxWr5gdJ7ALgTf7s+uYfJHi30yG5AQcjA8kRLhmzECT0vuqyBzoBPISr2pE6tM+FInTMp0TWxDWDV9RrB/acGBfUQpBrQGiMoAHgLL52+zrCdrxHDg3DXl5/sNc8eoC+h6bSCCRC8O09Vpn5ZHpGTe6et3YiyesZFr+CVIxM28VUPTaCJNyoy4zE2lPUEmRcKQOERN4QM9oAkCFDnPNExpBBIhT5xzCCFtMi52ROdmsE3azaNUsuW+qBM7uu6Tm5rhL3ukfVLNltqgJtQAQdkApkX5J+yzXnVLtZtGtkDucHCAmZ3dd0suW+qXvdIQJzc1wiFQNEHZDmy213S7ObzEoBFMgzyujc4OEDVN2s2jWyWTLfVAmDLruk9ua48EpzdISzZba7oCDw0Qdl5Z7c1s+OLdqbGM8zmefR7V6j2c3mJXjnE8R2mJrv/FVfHgw5G+jAr467vEEIXTFvT5o6wc2nSLXnPUfluZhpOVpII1kHQpMqZTMB3Q3HmN1apNe5oeyiSGNLXOa0uEyXS6BaJ8oC6eTTLMxNfH501/sdVerW2pjWNYC9gLrtgB0gd5o11GrtZHdV/CcHoVCym6s8OLA9wlsdoYzCMvIjdYmG4rBJcDmLXNzDcH3Znlf4q5QxVNrg8h4cJIJDRc8y0ZjaB4C8rlvfLi1Fp7qTjpit3iImf0nx3AqbKdao2s4igSHDsw4kjlDhzB8CFyXFcN+zVWNziuXie5zMWsXSZkW5LY9oMZTqUH0WFv9Jmlj57rj3i+XnckkQQZAAjfmaPEclRlVjCOzZlDXOIJOVzS4w6ZMyQCurh8jLfJrfbTbHipmnpmYmPeN+U9fictLSx7TBHeMxeDqBG6bCcZexjmMqOaxwIcyZEOEOttPMKDi/EXYh4cWwcobllzjqXEyb7la3FuN0K2HbSbhjRexzSC1wLRAyuBEAm25uSASSu7kcSvI6ZyRPv4nWnmc/jYsWTop27eN77z9uZxvfzdbeVh8lPwjiVfDyxveZfuuaHNmdQHCW+UK3wThn7Q8sLsul4J1mbDwW/iPZljG5i+0hoOV2psLQsM2DBMRW06iIiP01jk5ME9GOu9a9/pzPEvaCq4d1jG+FNo9S38lj4Kq973F5NhodLnl5LqMdwlrAS14dAk3AtMHX9BYri37pPWee4WXHx8eMkRS25j21/ttXlZcs6vWY/ZKvjXQx3hHxsrCo8Vf3AOZ+Q/7Luz26cdp+l58Ov8AsWwefFVKm1OlHm9wj0a5e2l4IgaleZ/Ynh8uHr1Iu+o1oPRjZ+byvSuzi8zC8NQmty3KTxm02SzZrabpTl6ygdrg0QdUJpkmdtU+TNfRLtYtHRAReCIGpQdiU/ZxeZhLt+nqgI0wLjZCx+axQscSQCVJUaAJFkAu7um/NOxua5TUe9M3TVTBgWQJ1Qiw2RmmBfkna0ESQomOJIBKAmvzWKTu7pvzRVGgCRZDS70zdA7W5rnwQuqEWGyVQwYFlIxoIkhAxpgX5XQNcXWKZrzMTupKjQBIsgF3d035p2jNc+Fk1Lva3TVDBgWQQcRxfY06j7Qxj3X/AHWl30Xi+DaQ0TrAnx39V6j7c18mBqfifkZ/G9rXf4ZXmdMd0dZXRxq7vv4TCenhXPEtBgb9VcwnEK9Gk+kGw18zLbjM3K6D1A9Fq8FwhNNpIMEknwmPkFtVMOKjBZrXta4kNmDeRc/q67rXpExFo8/wrHOtSJr0xMRP7lwuHYS4Aak9B6nRXH4gAHMLCZ73IrTOGYarG1CGtM5jbTz8IVDjOFYC5jCCJsQT7sSPd3/JcvK4VuRliKzrt8dnHzc855jJPbtrTnHVMzi7mdPoqrjJPitR2DG2YHYdfMK77Uez37M9jaeeowse99SGkM7MjPnywYuL9VXg8X/z8k2z2jvHbTL+m01abed9lSrgaAwrKkv7Z7nNykDLDIzEHL1G/PksmtTAaTH6K3OF+ztSvTqVWuptZTuXvc4AjJnJBDTYAj4rN4ngXMpMqFzXMqFwY9hzA5PeEGHCDzC9bFyMNomItuZ29a1Y8TCT2apYhzy3Dk5i0kwQO6BeSdjYeJC0MbxKvhTFVjMzYOV0nWCLtdGizOH4ipSaTTc9mYAHLmBLZDveGl+UKLjeMfXLS92Z0BsmNGiBJ59TqvAjLkycrp763P41DzqYr25URasxufeNRMNjE+0dQtHaYTKCAZ74aQ4WMEQZC5zH1w97ntaGgxDRFrX0AGs7LV4j7SVazXte3LnaxmVrzlaGOaRlbe5i91hFe1ixVr/lrUvaz8amKsTEamfvfY6yuKu7zRyBPxP8lqrFx7peY2gD4LLmW1j18y5beHvv2ZYEM4bQJ1fmqfxvJb/hyrqGvJsd1S4Rh+xo0qQ0ZTYyP6rQD8loPaAJAgryVDObluEze9rtyTUjJvdKr3dLIE5xbYI+zBE+aVNoIk3KjLjMTaUDteTY7qTsR1TPaAJAgqHtDzQTucCDBCipCDe3inbTIMnZE52YQEDVrxF/BFSMC9vFCzu67pnNzGQgZ4JJgFSueIMEJm1ABB2QNpkGTsgakIN7eKKteIv4J3ODhA1TM7uu6AqRgXt4qN7SSYCJ7c1wia8AQdkBFwjUaKGmIMmw6pCmQZ2F0bnBwgaoFVMxF/BKkYF7X3TMGXXdM8ZrjTRBw/2m4nu0Kc+89z/EU2Zfm8LjWPEarc+1J7m4jDnVopPHmXDN6ZfguZZj2HUN8wR6haY8s0ncQmJ00aWIe33Xub/VcR8irtHitVv/AIjvOD6kSsJrgdCD4Iw8810xyo94RMVnzDYxHEXuOZwabRoRpPI9ViP4uHvJLT0g8tNVT41xF1NliMzzAnl94/C3mufZxQ7sHkV1YuZSPfTO2DFbzDrH8SaWnLIcNJGkGSrFXi5c4hr5Zcd5oDiHNAdmvGpPzXJjirTY5h6qenjKZ+8PO3zVORjw8qYmbd4b8auPBE1iInfz/wBdJW4pVLCztjkcC3LmEBpEZYa2IjYrDbhyAGBxLWzlBiGybhsDc81LTe06QfCFHUkOseoVcPBjFbqrbf03vbDPiup/O3VcOawNaC5o7zswc2e41oIgnSSC215I5LLxFMPqhpJhrHugEAlzWOcGgkES5wa3Q6qg3iTxqQfEflCiq4jOS4tEmOdotYLzsf8ATuRS82nU/iXpRzMM+8x+YaGPwTabWkF3eLxBBuGtYcwJa0wS8i7fulY6lc8RAQL1uJS9az1+duPmZK2tHTO4iPP7JUvZ7C9vjaDNc9Zk/wBXOC7/AAgqzXfDXHkD8lq/ZLhQ/iLHHSmyo/zy5B/9ix59vFXDL3/OI1EwoabSCCdE/ZmZ21RueCIGpXnKmrGRa/glSMTNvFMwZblJ4zabIGqAkyLjopA4REiYTNcGiDqgNMkztqgZjSCJFlPnHMIC8EQNSo+xKAu1m0apZct9URpgXGyFr81j6IF73SPqlmy21Sd3dN+adrc1z6IG7LNedUu1m0a2TOqEWGyM0gL8kDZMt9U3vdISa/NYpO7um/NAs2W2u6XZ5rzqhc9urjB/Wyj/AGo6NAjqgm7WbRrZMAGmZnosnieNqsbLKDqh6FpjrlBk+S4fivHsQ4lr8zAbZC1zD5ki3iRbmg7ziHHKNOA54m8NaZJjXpZczjvbJ4/3dMAA/fzX2973Rtr8Vyri4kAySdGksdP8RBPihaABNs0yPeDm9A0N08Y8d0Gp7S8dZiKbM7A57ZJNMtIaCYAJe4TMA7C+pXKOpUHzDxbUuD2X5FwBaD0m61MdTlsGSTqXAHaS5ga63gBtdc1WpAkCzWNsHODmyPw9yAXm1mx1J1QaDeGZhLDnGk03tfca+6Son0KjDGcjo4H6/kqUZnZj7jIGtN8AGGtIvI1tBN9d1Yw/EqvecXuIH3S4hpJ0Hf7jdfdkk8igq4/BvqEF1yBAgj5ELNqcNcOfmD810DeIuDSXsY6CBOUN9aZAb4uA89pBjKZjuPbOhDmweeUPyEtH4phBybsM7lPgUDmEaghdg+nReQA9jidMzHiTyDoLSfNRnhId7gzf/G8P06NJQciFM3EvGj3fEn5rbr8IExMHk5t/oqdThDtoPgfzU1tNfEiqziDxuD4j8lMziZ3Z8CoamAePuu+E+oUDqZC2jkZa+JTuWm3iLDrI8vyUrMUw/fHnb5rELTyTLavNyR5iJT1S2Me8ZDB1IHrP0XefYjgczsTV5NYwH+sXOd/yt+K8rAXuf2PYfs8AXxerVe7yaGsHq0rDNmnLbqmNImdu97XaOiXZxeZhF2Y180DXk2O6xQfNmtpulOXrKdzctx6pm97XbkgWTNfRLtYtHRM5xbYI+zBv5oB7OLzMJ+36eqFtQmx3R9gOqCNjiSASpKjQBIsic4QYIUNIQb28UBUu9M3TVDBgWT1rxF/BFTIAvbxQO1oIkhRNeZubJPBJMAqSqQWkAiYQZuJ4tTaJbLjzaDH8/IKl/pN1TR48GkSPHdYXEvZzGMeX4eo3Kb5HA5fAaR8uizTx3E0D/tGEfH46ffEeUH0QdjTVumuW4b7W4aocofld+F1j8Df0XR4aux92Oa7wIKC+wo3Uw4Q4Bw5EAj4FUMRjMn3STz0b8fyVKpinv1Nvwiw/n5oDxXBcET7gY7nSLmX6hhDZ8QsfEey7DJp4hzc2oqszzvBe0iBN7yFptejzKByWK9lcQ0Esa2oOdFzRG92ktJ+J8AuG43hX0yQ+k9g3Ja4SepcL+AIFl67iHb7rJxdZ25nx/PVSPJf2hhAa06aF8tMnUnIIjXr1Kme0PhrA4htgGDML+85km2mr3fDQdljuHUXznptnnlE/EQfVYeK9m6UZmktjkZjkcrrnycgxnOEhoDA0HKDm+8RfMWiHO2kNjkSpKzCXZA1wDbHMA8gACXve4wB0mBGgV2lwx7Jc2pndo1ru6Li8uMnyBb47KpTwLmEvfSgN0y98hxBuGtLmwOb7dCUET3hzwGOnRrSHZM14IANmDaGjnqne5weWgWs3uU3E9Qw2e/a5cCUWFPec7O5wAJc4gQZ+6+oZc2dIaJOg5oMDTh/utaYMQXSAfwUzJe7lII5xqgsHiNVrsjXtAkTmqFzRGzs8gHmGifGysjiVww0S9xIglhYXA3lrWQAOUjS/hmU3tY8ue4ktJIa9jASdRmzy4eQPlqBa9pdmhxzGXBrzJ8XXefh5oNkYqkZHeBH4CHgDbZut9CR12RFuHJio9sZZyuBYekkgtHUZgfBYzGPqPIZYxJGQtDWjclt4Frm/iSpxlojLTu9wg1BOs6MaZMdYk20mEGhiuBMdHZsfO+VzXi8ZYyknnr0WdV4M3SXA9QPlZWsPgY79US8mchnWbOqSSSbe7bW/JaeGw767w0XMXLjZrRq5xPutCgYnDfZetiKraVItJdq42DWj3nEbgchfRfQfA+Fsw+Hp0WDu02hoJ1MauPUmT5rj/YigKVd4pgOpmjT/AKTQue4uc43u1uXJA813VQEm2nRSGLjMTaVI9oAkCCiDhGomFDTBBE6dUD0jJvdPV7ulk9YyLX8EqRiZt4oHptBEm5UZcZibTCVQEm1x0UwcI1EwgZ7QBIF1B2h5omAgiZhTZ28wgibTIMnZE92YQNU3azaNUgzLfVAmd3XdM9uYyE573SPqlmy21QE14Ag7IG0yDJ2T9lmvOqXazaNbIHc4OEDVAGATmAM+aPJlvqmPe6QgxOK+ymFxHv0WHrABlc3iPs/NO+GxNSmR91xzt+DtPJd+HZba7pdnmvOqDzk1eLYX36bcQwbtN48HT8wioe3eHJy4mg+i7mWlt/H3f8S9ENWbRrZVMXwqk8d9jXjkQEGJhcXhqwBpYht9A6Pnp8JVmphHtExmHNt/QXWRjfs6wryXUc9B3NjiPQLKqez/ABTCH+gxAqt1yulp+LbHzBQbtZyzMQFSf7X4mn3cZg3QPvhmYeOZtx/CrWA9o8HV9xwDjsTJHgD3h8FAo1aJO0dT+Sz6tFdFXLXe6QVm1qSDGdTQFi0n0lXdTRKjWph4h4DxrDgDfmJ0PUKr/o9gBDAWE/eYe9H4ZfmhvMCJ3Wm6moyxBnuw7w1w7QP/AAtqMhgG8+9J/UrLZwl5JzsaGi7nNguP7rGMOvKwHOF0RYhLEGOyoxzW0qb+zg+4WuJcRu8ggg2O2mgA1sYPCNp97uuedwCGt5ZQYl37xFttJWgXHmdI123HgrPDOGPrvytENHvP2aPqeiIVuG8NfXeGMHi46NHM/luum4Vw7tR2VEFtGXsqvc3vVJbknwu+G6Cx1W3wvh4DclEZWD337uOhg7nroNB06bB4VjGhjG5QFIj4fw1lJgbTaAAIV5rg0QdUIOW2spZM19JQN2ZmdtUbngiBqUPa7R0S7OLzMIEwZblJ4zabJF2a2m6U5esoCa4NEHVAaZJnbVPkzX0S7WLR0QE54IgalR9iUXZ5bzon7fogc0wL3sha/NY+iFjiTBKkqANEiyAXd3TfmnDc1z6JqXembwmqGDAsgTqhFhsjNIC97J2sBEkKJjiTBKAmvzWPok7u6b80VQBokWKGl3pm6B2tzXPhZC6oRYbJVDBgWUjWgiSLoGNIC97XQtfmsfRC1xJibSpKjQBIsUAkZdN+adrc1z4WTUu9rdNUMGBZAFZoPdLWuHUSsLivsPg64JdSAdrLYB9F0jGgiSLqIOMxNphB5zX+z6sw/wCzYp4GzKnfb4d7RZeKocQw3++wwqN/HTP+V35r16o0ASLFBT71nXQeM0/aCiTleTTd+Go0s9Tb1V9rmuEtII5i4+IsvRuKcEw9Xu1KTHAjdoXL4r7M6B72HqVKDj+BxA+GiDn3U1C6mp8V7NcRoHulmIaDuMrvi36rMq8UdTMYjD1aJ3Jbmb/E38lAsuYoyxSYfG06nuPa7oCJ82m4V7DYQOILjDdou537rBz67IlWwHDTUJJOVjffedB0E7/L59nwrhOdga1pZRHk5/U7gH4nporPCeB5g11Roa0e5TGgg6u5n9dVvtMd0aaQpQHDsAAaAAOnRTOGW49U72gCRYoKRza3QO0Zrnbkmc8iwSqnLpZGxoIk3KBuzGvmha8mx3TFxmJtMKR7QBIsUDObluPVM3va7ck1MyYN09Xu6WQM55FgiFMG9+aem0ESblRlxmJtMIHbUJsd0fYDqne0ASBdQ9oeaCxUFioaGqSSB6+3mioaeaSSCKoblWHix8EySCKhqir7JJIHoaeaiqm5SSQWHix8FBR1SSQHX2T0NPNJJBFVNyrBFvJMkgho+8jr7JJIHoaeaiqm5SSQWCLeSpOw7HmHtDhfUTskkgx8f7F4Jzg/sGh06tsfiFo8J4LQpAljBPM3PxKZJBeq6n9bKeO75fRMkghpe8P1spMRokkgbD6FR1dSkkgsD3fL6KClqEySCWvp5pqG6SSAK2qmboPD6JJIIKRuFahJJB//2Q=='),
       ('ec96229a-181a-11ee-a323-902b34728d5d', 'Máy Ảnh & Máy Quay Phim', 'data:image/jpeg;base64,/9j/4AAQSkZJRgABAQAAAQABAAD/2wCEAAoHCBYWFRgWFhUZGRgaHRocGhgcHBocHBocHBwaHBocGhkcIS4lHB4rIRwcJjgmKy8xNTU1GiQ7QDs0Py40NTEBDAwMEA8QGBISGDQhGCE0MTQxNDQ0NDE0NDQ0NDY0NDQ0NDQ0NDQxNDExNDQ/PzQxMTQ0MTQ/NDQ0NDQ/NDQxNP/AABEIANQA7gMBIgACEQEDEQH/xAAcAAABBQEBAQAAAAAAAAAAAAADAAECBAUHBgj/xABAEAACAAQDBAcGBAUDBAMAAAABAgADESEEEjFBUWFxBQYiMoGRoQcTQmKx0VJywfAUkrLh8YKiwiMzQ2MkU3P/xAAWAQEBAQAAAAAAAAAAAAAAAAAAAQL/xAAbEQEBAQEAAwEAAAAAAAAAAAAAARExQWFxAv/aAAwDAQACEQMRAD8A6+7ZrCEjZbGE65biEi1udYBkXLcwxTMajSHRs1jDFspoNICTNmsOcJWoKHWEy5bjlCVcwqdYBkXLc8oYrU5hp9odGzWPOGLUOUafeAk5zWEJWoKHX7wnGW4hKtRU6/aAZRluYYrU5tn2h1Oaxhi1Dl2feAkxzabIQNBl26ecJhl0jL6d6bkYSX76e+WtlUXZ22Ki7T6DUkCA00GXXbujyPWDrtLluZWGX+InjVVPYT/9H0H5RU22Rzjrd7QsTiqpLBkyfwqe24+eYuw/hW2wkxidF9aJkiWZaJKy0IByAMpI72Yd41oe0D4RFexxfSMxXE/GYlmmU7MtCVRAdiSwf9zXPExu9XeueGRSHExSeAKqNmhrXw/vyA4kOxd3YsTetTXiW1+nEmNTo2UJj5XnypSpQjNkcMdbgnKw3gnmIlH0J0Zjpc2WJstw0tu6wrsJBsbi8SxWJSX2nYAHQbTyEcd6B6qzmme/M1gjd1pFZecUpXMlAo5Ek612nX6w9bJGF7JYz5wAGTMWC0Fs7tU+Fz9YqOlycYk3um42EUPhvixmtl26R8u9K9ZsTPmB3mMpBqoQlAn5aGx468Y6/wCyvrg2KRpE9s2IljMrHWYmlTvZTQE7QVNzWKOhJ2ddsILfNs1hJ2tdkINfLs0gE4zabIcmoy7dPKGc5dNsORQZtuvnAMpy67YYLQ5tmvnElGbXZEQ1Tl2aeUA7jNpEvegWiLnLpEvdA3gIomW5hMua4hlbNY6QmbLYaQEmbMKDnePKP1/wa4lMMrs7MwQzEAaWjMaKpaozXNKqCBt2x5TGYvGdMO6Ydv4fAIcrzTUM9LlToTahyiiivaJtHl+s+JwMhZEnAKHaVMWa+JbtGYyVyrmFCyVJJy0XTLW5EV3wDLc6R47pz2iYKSxVWac4sRLAKggioMw0U7e6Tpekcc6w9asViamfOZlJ7i9lByQW8TU8YxluNYDreI9r9bLhBTe03nsCctsFwXteTSZhWA3o4Y/ysq/WOQqFPxQYYUnQ1gPonq31qw2Lr7p+2BUy2GVwLXobMOKki8bhWpzbPtHy1g8bMw8xXlOVmIeywAOW1DUEEGxIoRHsOiuv/SS/+ZXXdNRKea5W9YaO7sc1h6wgaDLt0845bgfasy/97Cji0t9eSOP+UD60+1VPdZcIric/eZ1A90N4WpDNu2DU10i6j03XLrzKwAKCkzEEdmWDZa6NMPwjcup4C44N010zOxU1ps9y7nwCjYqroq8B6m8VcQ7Mxd2LOxJYsSWJNyWY3JgJEA6zCNCRytBf4ptoDcx+ovFYiGMEXVnodQy8iD6H7wRVU9115NVT5ns+sZ9I2uiZIly3xTgHIckpTo0wg3odQtm12UgoErpWdhy6yproWBV8rMtQbEEWrGYzk3MM7EmpJJNyTqTvMMIIlGh0L0o+Gny58s0dGDDcRoyngykqeBjOhxAfVvQ/SaYuRLnyj2HWt9QdGU0+JSCDxEXy1su3SOJex3rOZU04R27E05pdfhmAXXkwHmo/FHbcts23WCmXs67d0MFoc2zXziSjNrsiIapy7NPKAdhm02b4cmoy7dPKGc5dIcrQZtv3gEpy2PpETLJva8SUZtYiZpFoCTNmsPWBzZqorZyAoBLMTQAUuSTpCxExZas5IVVBLMTYKBUk7haOHdeuvr4likslJCnsjQuRo7/ouzbfSDysvpjEJJOFLMsgM7FAModmp3z3mW1culvKgz1iniMSztUkxD3p3xcNXCSVNACa0pwGpOwCpA5mIotDrfXs1gJVwaGx3Gg8xshDEsLV+hEBcWY9u22z4vK9bRalYN3Cqr52NAJZZi24C/ZrffYRn/xte8Nw3aQahXtZGvpnqF4GopXl/ghqL0QUoXAFbAk2rrbyMaWHkoBa/EXjBw+KaXMBVmZBlBocpZbF1DUbLUlthpXbBOlukVeYXRJiDRjmLNTnoDQ0pwratBLNWVY6RxQYlJYuLM+47h83056UkwBFzrG31a6Sw0uYrMqsqggI1BQnb2rMfGOgpjujsQKOiqTtK5D/ADpb1hJiVyFsKd0CbDHdHXpvUrDTRmkTiPFXXwpQ+pjFx3UTELXJkccGofENT0rFHNHkwMpHr8Z0E6WeWybqgivKusZs7owwGRgsG02YktO85oNw3k8AKk8o1Otk9Q6YdP8AtyVyDixvMc02lvod8bnQGBGHR572cghPlG1vE+iHfHisXOLuz7zbgNg8qRUBhQxhCAeHUQxhwIA+HnMjK6EqykMrDVWU1UjiCAfCPqDqz0oMVhpWJFO2tWA+Fh2XXwYEeEfLix2D2IdL1WdhGOhE1BXYaK4G4AhDzYxFdXYZtNm+HJqMu3ThaGbs6Q5UUzbdYBl7Ou3dCC0ObZrxvCUZu9DAknKdPtAOwzXHrEhMGl7RFzl0iXugbwHJvbH1iaXkwSNTMoeaRtWpCJyqpY8l4xxua5Me29rGJE3Gs6mooqgjaFFPrXzjxBlnnCAcWpLhEzL3yaA/gG8fMb32AcbCOHf8JPK/0hGoFCp8R94qBgEmguTs1JJ+pjUkdEs7BMwqq5pjGgWUKmztXWgrTYTTfQmDwwUZpk9ZSsB2ZZDTGGostcoPE+EV+kekg6+7lL7uSDUINWP4ph+Jvp6wBZ2PSWcuH2azmAzsduWvcXleHdwyjPVm2sWavmTGQusXZj6QUUYZfhdhwN/UQSW7LUg6mtIHhiTU+Hn/AI9YKBEEmdW76A8RYw8pVW6THQ7q2/vEKQssBpYfpLEIajK9PiByN5rSkegwHX+alnZ1G5xnX+bvGPGAU0gyYhhtrzgOsdHde5cwUIVt+RhU80b7xn9MzJU11KSglK5qALnJy0JUWtQ31OY7hXmze7bvIAd4t9ItYbGNK7STWYAE+7YkqeG8eG6A1+uGNyyxLGrbOH+KfzmPExodK9IGewcinZpTYDU1pw08AIo0i1ECIakHCRFhEA6Q8KHEA4Mb3VLpdsJipc8AlVNHUfEjWccbXHFRGMko7bRZRK2W5OlATUgVNBra8FfTvRPSsicmeTNWYp2qakcGU3U8CKxcC0ObZrxvHzcOnp6oEWqFVCh1ZVYAUpQhM47q6NW3E19L0P1s6VlorgnES6A0YB7WF2Uhxr8R/WIuO2sM2mzfDk1GXbpwtHOeivatIPZxEl5DbWX/AKieNAHHIKY910b0nInr7yRNSYNpVgaHaGGqngYqLanLY+kN7om9rxJRXvfaIl2H+ID5k6yEtMmDUB3yH5cxIB5RglypowjonXLBocTOWmUh3AI3VNKjbaPJz8Cy6doefpsiRVXD4jNwp+6xpCaQjE7rRle5UbCD+9hgzg5Copc6k0HrpFRkubmIxZ/hgO86DkSx8lBiGdBoCx3tp/KP1JioEmoi212gcqcxI7RA3Cw8hF92NEv+Pj8RiVqTZfRSAMtK0NSeem2C5DzG8X9RAgkSApp56QQ9IaGck7T6frAWdxuPp/aAPD0iqcVTVaQ/8VAWaQxWAjE8Ims4GAqS0uy7rj9f08okBEp/ZdW2Gx+hhOKEiAaGYQjCYwAwI1uiei3nFllp7xgASAQKVNBdiBcmlNSaARHAzcOEZZisXIqCuzkfD1MGwiIGzSp6A1qBNRag7KMQVr5QFXHyHRmR1KMtKoRpUZgTTgR5xo9X5OIEwLIze8P4GZGpqalDVVHzAARVx+Bn5i7qWrcuoUKdtSU7NfWAYPEvLYEFhuKsUbz8PSFWXONPpvC4jPnxBmBiAM0xXuKWAY6+EZmFnOjgo9DUUYHKRXTt1GXnUUj02D64zUVk987BlKkTJazNQRXMSSSK7bWFQaRgNhJfaf3ppXuhDmIIBJBJAqK6HdBG11kw+LVVbEBnQCgmrkddACGdQGOgFWJ4E1v5/DYt5biZKdkcaMjFWHCoOnCJTsZSWZaPNyE1KM2VCRocgJBuSecZxmbBAdf6ie0aZNmrhsWysXIVJ1ApznurMAsamwIAvSta1HWRNAte0fJEtipDAkEEEEagi4I4gx9UdCYxcRh5U6lfeIrG+hp2h4GogOM9f0K42d+avmAY8yJ0eu9paUxrk7Qh/wBix4phEUdyDqAYqz5I2Q9YTtaKMXEJQwKLeOW8VIrImH7wjSbRP9f9UZsjvCNJxZOb/URm+G/zy/ExDw1YJh5TPWisFGrlWI/0gCrGKyC7RWmTN0ah6KY3zTKC5pLJAF6d16sxoLDSt6UMZsrDM8wSpcszGzUC5WVmAOhUGw+gGyLiK3aJpEKH/EXekMMEmMjqFK0BCMHUNtq1TcGxA0pSKLHdWnGAcNSHEyIgnmIVN3lAGD5hlPMQWcxFKi5H0tWKgMOYgOlWNBSBOTpDROY1b7x+/pAJNYsYZqQErQj6/rCVqGCtnDYopdSyHehp5rofKLox+bvqj/mGRjzdftGBLmxYV6wGlMl4U3cPL4jtp4ZQT5xL+AwRUkYslqWXKFJOwVegHjGTONjGXWKjYxOAVCKuJhN6Jp4vsEVZnIchoPv4xPDPVKbjA3ERUBHd/ZDjPeYRpdby2t+Vrj1DRwuTUGo2R1P2NTWEyaNEMvlUhlApwAJ8+ESiPtUX/wCVXeiH0p+keBeOke1pAMQhG2WP6njnDQUMxFhEzETFGdjhFGL+OFooRUEkHtCNF3soFyGaw4hYpSUANWN/wjXx3RbSYdibNpETFlzV0Ymi5UlXPedm7R30y0yLs7JqdpOkA96RQ+5Q3oKmYa8h7y8RR2t2AaDYQanjtI4aRYkgtSgObbvA4INnhFQINJLUeU6HaUcG+w5HVib/ADjnGx0ZInGvuMWGzDL7tyVZgdVysWQ1pSiuTyjMy+Ar41+8OhoSfA1rfx18LjgYAmNwCK6rPlmRTskoCVYLWtQasrXALAts7MSxsiSe3OCysyv7oSAGVspbtOQMp0VaKQdpC1rF9Zqz1COC+UWr/wB1BT4XFcyjddR+FdYH0V0d7t+1MRpBynKyhg7Wygo5yhhrrVlBCFqkRLcTrz+OwEyVlzpQEDKQwZakaZlNK7aeNwQYpsn7/ekeq619B4qUqzJjTGkuxK5yaqxqaOhAykipFVXU1CmojzSJAAPGHBg7S4YySbbf3bnFAokunI/v9YjE5QrUcPpATRCeQ0NgP7xF0NYZNYMDQxFCUwdHiVjqB++ML3YgCPcGM1xeNFBSK02Qa2EA+EaxgyqWNAIjhpFO8K13GkaUmWlAC7ILVARCdad4zFzeXhAUyqrrRjyr5X/d46B7KnmS5jFrIZbZa786G3DWPI4bCIpqBmP4muBxoQK8yPCPZ9VT2mr+E38ViXixr+1uTR5J3ow8m/vHMWjqvtbU5ZDH/wBg/o+8cpaAgYYw5hoooYwWiKYUjWx+I7uA/WNBE1c/DZfzHb4C/PLFaagOpoN20/2giuJiiyLU7/3rCBmHZTwi0g5Abh99sSzDfAU8zjX6QVMU20V/e47eUF96u+CrOBsQG56+B1gLEnpBXs4zU3mjryY38GqIJMkChdDnQa2oybg6/CPmFjFVsGH7h0+E94cjtH7oNYBKxLIw7RDDRxqOBB2cDYxUWjzIAuCKhhpdfwivxaxq9F9LvLdXUgOpqGA7Mw6kU/ETyDHc1zmGaHBIGVtWQd1qfGm2g1KbNltBPtqTlNNl6f8AEQGj1k6bnYl6u/Y+FR3aV/TwuNK1jEVIvIQ1Qanjv3sN7DbvArqL027JIMRUCtOX0/tA3FOG77/4gruNIGhrbbv4QFecK9rfrz/vr5wZcO6MmdaZhUaXBHDwtClqM2XY1gePwnzt4mIJMYsgYkhbAHYNw3QRCWLiDOLwMd6JO2hgogB0Gv0pcmJYSa1aAM1iaLWtACxNL1AAJ8IET+o84rqDWkBoe8BuLH97InFaXRmJUFVrZSakA6AmgrTfSLSiALLWJTV08P6hClCJYlbD9/EICJn3GYigO2uUcd7HjoI931aTtNyb6rHl8L0aksZ5nbehITVVIFs288I9b1WFXfkfqsZvFj0ftavIlNTR2Hmtf+McfaO3e1DCZ8FmUVyOrNS9Foyk8gWEcQcxRAmFDEwqxROaaKo4V8WNv9oHlDYbBK6PMdihClpdR2ZgU0cA/iqVA477lR9INSg+Vf6QP0MCM6koIrkq2UstCKMK2NaigLNdTRrEgEQQN5nlAS1Yi7QiYCaiJ5eNOcM5oPp94AbQFyXOI2/ccjFqcBNFfj37G5/N9eeuSHi1Ic60NNu6AGjEHKSQRdW2g7LxZkzgahq1BuBpf4uXDYYjikzCu0eo+8VUc0DDvLrxEBpqxqKtlvVTo1tKcoDiGDaChvYbN4HDaOBpshJMDLUtUjQbfHduhp4Jo1KaCn056keMBXIgZsawYxBhAKeKjW+wDYNl/CFiFOdWpTPlf+ahPrUeEINbdsO8/ukPOaqyt65kPg7MPR6eEEQRVLdo0FTfdFpkDDNkqoszLfxO6KDHtGu8wVHyGqseYNP3ygp2ABsaiCEVFLcyL+cV6Gt/SLKCAnLUAUEFVYgggwEAWUIO4uP38awCVrBsQ+W52AnyZYKvuey3I/SPYdSl7b8m+qxzmXMee6gdlFYE7jQ1udp4R1DqElZj1/C39SRKR0PpXDFpE1KZi8t1A3llIAj5qnGjFSCCCQQbEEWIIOhj6fQk97TjaMDrF1QwuLNZsrt0tNTsuObCzU3MCIqPnusNWPfdO+yvEy6thnXEJ+EkJMHn2W51XlHhMdhJklsk6W8t/wALqyk02jMLjiLQAOkzcfkT6GKinsjxi1jDVUPAqf8AS1fowikukAq/vyhmN4UM+z98YAznTlDItTeGBqBB5IBqPKAFiJYGmm6Hw5OgMJ5cQZKCsILafh8oqP2Xr5iHkteC4xKjNANh2yvSlQbisWWW5DVvenPjsimt1B2qfSLamwINTxgBa89v6+tYlkgstO0a7b+f+DEpptSAp0oTzgSnQbiPX/EFY3PhAFNxzEA05LnmfrDqLRKZ8X5jEUEBZmDsrzET2xCZ3V5xPb4QBVg0CWCwBZWsFnsBUsKgK1RvuLQKTrB5iVIB0t/WsFUZKvMZGAyojKQNFsRoNpjrfs8lVd/yt/UseAQWpxH1EdG9moOZyPw/Vv7RKOgF81tIQfLbWHanw68IS0+LXjFQwXLfXZAcZgUnqVmIjodUdQ6nwNoMtfi04wzE17OnCA5H7TOpWHk4b+Jw0spldfeIGYplfs5lDVy0YpYUFDwjkm3nH1f0pgknSZklhVZisjAa0YEHx2x8vdM9GvhpzyJgo8tip40uGHBlIYfmEBTQQxGyGO+HBgGQwQGkQI/f72xJWgCGZ4xB2Jhwm4+cOsvew+p8oBpa6ndFgLmQiIPpQWG7b4wbDi0BUw20cItIOyRTZFeQO2fH9ItgcaW/UwDoL63IHhr94HNMGRPCw57TU86RUnm8AJmsTAkPaHMQ81tkNK7w5iAsyJAfPV8tKkbib29ISYVigcdrtEZQCSKCtbbNYGQCDdsxa4tlyjTbUmtfLjazhpmQVDad5TS9RSqnwHltioHM7q84mdYG5OUAihBFvCsEpeIoywWBLBRAGk6wWa4U14D+ofaISIbFJU+X/KCpScU7uoUWzLXlW9Tsjr/s0GVHamxR6sY5T0ehqAooq6kW038eA8Tsjs/UDCBMNmNs5qK7gNfMnyiD0+TLfWFkzX0hLX4tOMM1a9nThFQ+bNbTbCzZezrDtT4deEJaU7WvGAYLlvrsjmvtd6qmfKGMlL/1JYpNAF2liva4lDU/lJ3COlJX4tOO+GYbB3fMcYD5JI/vCyx0b2kdQzhmbEYda4djVlH/AISdh/8AWTofhrQ2oY52VK8vpAKkKkTWhhECAiKiJq53+URKwgsBNFLEAamLyqBYRXw4pp4ngdkFd6KT5czpAVsOKsTzPmf7RdC8tNvHdxivg5duf0i6F2+vDZy+sAyJQE0pz/e+sZGImXjqXVX2fPiFz4gvJklewBQTHJFmGYEKo1uKtyuc/rB7IsTLJfDOuIXXK1EenMnK3Oo5QHNhBZQuOcFx+AmyGyzpby2v2XUqTTaK6jiIfDYZ2GZEdwNSqswHMqLQAxrBQY9LgfZ10jMle9EgL+FHZUdxvCNp/qKmMPpHoyfhjlxEh5RrQFlIU/lbut4EwAZ5qK72r6Q41iGeq03UiateAMkFEDUiJgwFmTE3FXFdKrX+V93hEcMb/v6x7Pqr1Om4mjt2JVu2R2n/ACKdR8xtzgqv1Z6HbETFQCi6n5V2k7twH0jtEnBqqKq2UABRuAFhAOiejJWHTJLUKOPeY72JuTFoltlaQQ+bNbSFny21h2p8OvCEtPi14wDZct9dkLLm7WkJa/FpxhmrXs6cIB82a2m2Fmy9nXjzh2p8OvDdCWlO1rx1gBzJQoQwDBgQQRYg6gg6jhHJeufs1KZp+DQsly2HF2TeZX4l+XUbK6DrqV+LTjvhNWttPTjAfKczCX7JvpTiNRvB4GLGHkyilHdpcytBVSUYE65h3dbk7jHfetPUjC4ztZfdzv8A7ZdAx/OujjnfcRHMemPZ3j5FciriE3oQGp80tqEclzQHnD0AxRnSajqMw7GZqsFDZRlBqxB5cbGmSpXfBsZhDLbLMltKfc6MjcbMAYCJawBEeunnsEI9sj8I/wBx+0SlSi5yorOaVyICxoNSQtTT0j2nV/2d4ue1JqnDywAczgFmr8KoGrWm+lOOkB5rAYN5jhJaM7toqgk026aDibDbHWup/s8WVSfisrzBdZYukum8/G1uQ40Bj1XV7oCRg5eSUlK952u7nezfoKAbBGoa1+X0pAP3uFIWf4fCsJ/l8aQ9qfN61gIOgGoDcxpSJBPi8aQk+bwrCvX5fSkAu9wp+sRmAMCjKCDYggEHmDrEn+XxpD2p83rWA8h0v7Oej5t/ce6Y/HJPu6f6LofFYwcR7HJNKpipq8HVH/pCx0xPm8KwwrX5fSkByM+yCd8OMQ/mlMv0cxCT7J8TmocTJ5hHPp/eOwP8vjSHNKW73rXbAeK6C9nuHw5DTj/EOLiq5UB35KnMfzEjhHtMtO16c4SfN4VhhWt+76U2QD0zX0pC97S1NITfL6RLs7aVgIYfXwhp2sKFAEn6eMPJ7sKFADw2vh9oU3veUKFATxGnjDyu75woUAPD6+ENM7/l+kPCgFjJSsvaUEbiAR5GMw9V8CQWOCwxJBqTJl359mFCgLXRvR0mUf8ApSpadkDsqq2GgsNLRZbveI/SFCgJYjZEl7vgYUKAhh9sN8XjChQD4nZ4/pE/h8IUKAhhtvh+sN8XjChQEsRs8Yk3d8BChQEcPtiK97xMKFAPiNRE37vgIUKAjh9DAX1POFCgP//Z'),
       ('ec962488-181a-11ee-a323-902b34728d5d', 'Thời Trang Nữ', 'https://img.lovepik.com/free-png/20210919/lovepik-fashion-womens-summer-shopping-image-png-image_400331099_wh1200.png'),
       ('ec9625eb-181a-11ee-a323-902b34728d5d', 'Mẹ Và Bé', 'https://png.pngtree.com/png-vector/20190120/ourlarge/pngtree-illustrator-mother-mother-and-child-mother-and-child-illustration-illustration-mother-png-image_493083.jpg'),
       ('ec9627aa-181a-11ee-a323-902b34728d5d', 'Nhà Cửa & Đời Sống', 'https://dogiadunghc.com/wp-content/uploads/2019/09/bo-am-dun-nuoc-pha-tra-2-300x300.png'),
       ('ec9629ab-181a-11ee-a323-902b34728d5d', 'Sức Khỏe', 'https://suckhoedoisong.qltns.mediacdn.vn/Images/tuananh2/2021/07/08/1%20(2).png'),
       ('ec962b68-181a-11ee-a323-902b34728d5d', 'Đồng hồ', 'https://encrypted-tbn0.gstatic.com/photos?q=tbn:ANd9GcQnpb7aQJvcfTH2g34Vyt78NEXOhDi3RzhrpQ&usqp=CAU');


INSERT INTO SUB_CATEGORY (ID, NAME, CATEGORY_ID)
VALUES ('2224f8fd-181f-11ee-a323-902b34728d5d', 'Áo sơ mi', 'ec961743-181a-11ee-a323-902b34728d5d'),
       ('2224ffc7-181f-11ee-a323-902b34728d5d', 'Quần jeans', 'ec961743-181a-11ee-a323-902b34728d5d'),
       ('22250276-181f-11ee-a323-902b34728d5d', 'Quần tây', 'ec961743-181a-11ee-a323-902b34728d5d')
;
INSERT INTO SUB_CATEGORY (ID, NAME, CATEGORY_ID)
VALUES ('8b1ad1a1-181f-11ee-a323-902b34728d5d', 'Điện thoại', 'ec961d20-181a-11ee-a323-902b34728d5d'),
       ('8b1ad8ec-181f-11ee-a323-902b34728d5d', 'Máy tính bảng', 'ec961d20-181a-11ee-a323-902b34728d5d'),
       ('8b1adadd-181f-11ee-a323-902b34728d5d', 'Pin dự phòng', 'ec961d20-181a-11ee-a323-902b34728d5d')
;
INSERT INTO SUB_CATEGORY (ID, NAME, CATEGORY_ID)
VALUES ('a1482d67-181f-11ee-a323-902b34728d5d', 'Tivi', 'ec961ee8-181a-11ee-a323-902b34728d5d'),
       ('a1483742-181f-11ee-a323-902b34728d5d', 'Loa', 'ec961ee8-181a-11ee-a323-902b34728d5d'),
       ('a14839d2-181f-11ee-a323-902b34728d5d', 'Đĩa game', 'ec961ee8-181a-11ee-a323-902b34728d5d')
;
INSERT INTO SUB_CATEGORY (ID, NAME, CATEGORY_ID)
VALUES ('d1c39e6c-181f-11ee-a323-902b34728d5d', 'Máy tính bàn', 'ec9620c7-181a-11ee-a323-902b34728d5d'),
       ('d1c3a632-181f-11ee-a323-902b34728d5d', 'Màn hình', 'ec9620c7-181a-11ee-a323-902b34728d5d'),
       ('d1c3a810-181f-11ee-a323-902b34728d5d', 'Thiết bị mạng', 'ec9620c7-181a-11ee-a323-902b34728d5d')
;
INSERT INTO SUB_CATEGORY (ID, NAME, CATEGORY_ID)
VALUES ('0de5cbcb-1820-11ee-a323-902b34728d5d', 'Ống kính', 'ec96229a-181a-11ee-a323-902b34728d5d'),
       ('0de5d34a-1820-11ee-a323-902b34728d5d', 'Phụ kiện máy ảnh', 'ec96229a-181a-11ee-a323-902b34728d5d'),
       ('0de5d54b-1820-11ee-a323-902b34728d5d', 'Thẻ nhớ', 'ec96229a-181a-11ee-a323-902b34728d5d'),
       ('0de5d74f-1820-11ee-a323-902b34728d5d', 'Máy ảnh', 'ec96229a-181a-11ee-a323-902b34728d5d')
;
INSERT INTO SUB_CATEGORY (ID, NAME, CATEGORY_ID)
VALUES ('2b7fe3c3-1822-11ee-a323-902b34728d5d', 'Quần đùi', 'ec962488-181a-11ee-a323-902b34728d5d'),
       ('2b7fea8f-1822-11ee-a323-902b34728d5d', 'Chân váy', 'ec962488-181a-11ee-a323-902b34728d5d'),
       ('2b7fec8f-1822-11ee-a323-902b34728d5d', 'Áo thun nữ', 'ec962488-181a-11ee-a323-902b34728d5d'),
       ('2b7fee25-1822-11ee-a323-902b34728d5d', 'Đồ lót', 'ec962488-181a-11ee-a323-902b34728d5d')
;
INSERT INTO SUB_CATEGORY (ID, NAME, CATEGORY_ID)
VALUES ('55229250-1822-11ee-a323-902b34728d5d', 'Đồ ăn dặm', 'ec9625eb-181a-11ee-a323-902b34728d5d'),
       ('5522993a-1822-11ee-a323-902b34728d5d', 'Đồ chơi', 'ec9625eb-181a-11ee-a323-902b34728d5d'),
       ('55229b27-1822-11ee-a323-902b34728d5d', 'Phụ kiện cho mẹ', 'ec9625eb-181a-11ee-a323-902b34728d5d'),
       ('55229ccc-1822-11ee-a323-902b34728d5d', 'Tã và bỉm', 'ec9625eb-181a-11ee-a323-902b34728d5d')
;
INSERT INTO SUB_CATEGORY (ID, NAME, CATEGORY_ID)
VALUES ('8b1cffac-1822-11ee-a323-902b34728d5d', 'Chăn ga gối nệm', 'ec9627aa-181a-11ee-a323-902b34728d5d'),
       ('8b1d07bd-1822-11ee-a323-902b34728d5d', 'Đồ nội thất', 'ec9627aa-181a-11ee-a323-902b34728d5d'),
       ('8b1d09e2-1822-11ee-a323-902b34728d5d', 'Đồ dùng nhà bếp', 'ec9627aa-181a-11ee-a323-902b34728d5d'),
       ('8b1d0b7b-1822-11ee-a323-902b34728d5d', 'Trang trí nhà cửa', 'ec9627aa-181a-11ee-a323-902b34728d5d')
;

insert into sub_category (ID, NAME, ACTIVE, CATEGORY_ID)
values  ('b8ed32e5-1822-11ee-a323-902b34728d5d', 'Vật tư y tế', 1, 'ec9629ab-181a-11ee-a323-902b34728d5d'),
        ('b8ed3a98-1822-11ee-a323-902b34728d5d', 'Thực phẩm chức năng', 1, 'ec9629ab-181a-11ee-a323-902b34728d5d'),
        ('b8ed3c8e-1822-11ee-a323-902b34728d5d', 'Hỗ trợ tình dục', 1, 'ec9629ab-181a-11ee-a323-902b34728d5d'),
        ('b8ed3ea7-1822-11ee-a323-902b34728d5d', 'Hỗ trợ làm đẹp', 1, 'ec9629ab-181a-11ee-a323-902b34728d5d');

insert into sub_category (ID, NAME, ACTIVE, CATEGORY_ID)
values  ('02d288e9-1823-11ee-a323-902b34728d5d', 'Đồng hồ nam', 1, 'ec962b68-181a-11ee-a323-902b34728d5d'),
        ('02d2902a-1823-11ee-a323-902b34728d5d', 'Đồng hồ nữ', 1, 'ec962b68-181a-11ee-a323-902b34728d5d'),
        ('02d29227-1823-11ee-a323-902b34728d5d', 'Đồng hồ trẻ em', 1, 'ec962b68-181a-11ee-a323-902b34728d5d'),
        ('02d29405-1823-11ee-a323-902b34728d5d', 'Phụ kiện đồng hồ', 1, 'ec962b68-181a-11ee-a323-902b34728d5d');

INSERT INTO USER (ID, EMAIL, FULL_NAME, PHONE, USERNAME, PASSWORD)
VALUES ('3d7998a6-1767-11ee-a323-902b34728d5d', 'huong@gmail.com', 'Đoàn Hưởng', '0888888888', 'huong',
        '$2a$10$/fEKrX3F3sRz/CMMCgIaXuYaM01ZamVlqvf4TeQxOUupGUDBkpliK');
# Mật khẩu: Huong@123

INSERT INTO USERS_ROLES (USER_ID, ROLE_ID)
VALUES ('3d7998a6-1767-11ee-a323-902b34728d5d', '5a8eddc3-1818-11ee-a323-902b34728d5d');#role customer

INSERT INTO USERS_ROLES (USER_ID, ROLE_ID)
VALUES ('3d7998a6-1767-11ee-a323-902b34728d5d', '5a8ee04f-1818-11ee-a323-902b34728d5d');#role shop

INSERT INTO user (ID, ACTIVE, EMAIL, FULL_NAME, PASSWORD, PHONE, USERNAME, WALLET)
VALUES ('c5ac5ee0-181d-11ee-a323-902b34728d5d', 1, 'khach@gmail.com', 'Minh Nhựa',
        '$2a$10$/fEKrX3F3sRz/CMMCgIaXuYaM01ZamVlqvf4TeQxOUupGUDBkpliK', '0777777777', 'minh', 0);

INSERT INTO USERS_ROLES (USER_ID, ROLE_ID)
VALUES ('c5ac5ee0-181d-11ee-a323-902b34728d5d', '5a8eddc3-1818-11ee-a323-902b34728d5d');#role customer

INSERT INTO SHOP (ID, NAME, USER_ID)
VALUES ('43f3bf79-181c-11ee-a323-902b34728d5d', 'Shop của Hưởng', '3d7998a6-1767-11ee-a323-902b34728d5d');
INSERT INTO PRODUCT (ID, NAME, IMAGE, DESCRIPTION, VIEW, NUMBER_OF_PURCHASE, ACTIVE, IS_SHOWN, SUB_CATEGORY_ID, SHOP_ID)
VALUES ('d1ce1b77-181c-11ee-a323-902b34728d5d', 'Quần đùi',
        'https://encrypted-tbn0.gstatic.com/photos?q=tbn:ANd9GcSCV3swAC9hXBua5Y-o5iPru59Bv9g0dsZlDQ&usqp=CAU', null,
        0, 0, 1, 1, '2b7fe3c3-1822-11ee-a323-902b34728d5d', '43f3bf79-181c-11ee-a323-902b34728d5d');
INSERT INTO size (ID, NAME, ACTIVE) VALUES ('27d0d51c-181d-11ee-a323-902b34728d5d', 'XL', 1);
INSERT INTO color (ID, NAME, ACTIVE) VALUES ('40f76f02-181d-11ee-a323-902b34728d5d', 'Xanh dương', 1);
INSERT INTO variant (ID, IMPORT_PRICE, SALE_PRICE, QUANTITY, WEIGHT, ACTIVE, IS_SHOWN, PRODUCT_ID, SIZE_ID, COLOR_ID)
VALUES ('762e4db8-181d-11ee-a323-902b34728d5d', 10000, 12000, 10, 100, 1, 1,'d1ce1b77-181c-11ee-a323-902b34728d5d',
        '27d0d51c-181d-11ee-a323-902b34728d5d', '40f76f02-181d-11ee-a323-902b34728d5d');
INSERT INTO cart (ID, USER_ID)
VALUES ('77cedea1-181e-11ee-a323-902b34728d5d', 'c5ac5ee0-181d-11ee-a323-902b34728d5d');#cart của Minh nhựa
INSERT INTO cart_line (ID, QUANTITY, CART_ID, VARIANT_ID)
VALUES ('b2843002-181e-11ee-a323-902b34728d5d', 2, '77cedea1-181e-11ee-a323-902b34728d5d',
        '762e4db8-181d-11ee-a323-902b34728d5d');
