USE
cogy_ecommerce_database;

INSERT INTO ROLE (ID, NAME, DESCRIPTION)
VALUES ('5a8eb69c-1818-11ee-a323-902b34728d5d', 'ROLE_ADMIN', 'Quản trị viên'),
       ('5a8eddc3-1818-11ee-a323-902b34728d5d', 'ROLE_CUSTOMER', 'Khách hàng'),
       ('5a8ee04f-1818-11ee-a323-902b34728d5d', 'ROLE_SHOP', 'Nhà bán hàng')
;

INSERT INTO USER (ID, EMAIL, FULL_NAME, PHONE, USERNAME, PASSWORD)
VALUES ('5a95a5f3-1818-11ee-a323-902b34728d5d', 'shopee@gmail.com', 'ADMIN SHOPEE', '0999999999', 'admin',
        '$2a$10$/fEKrX3F3sRz/CMMCgIaXuYaM01ZamVlqvf4TeQxOUupGUDBkpliK');
INSERT INTO USERS_ROLES (USER_ID, ROLE_ID)
VALUES ('5a95a5f3-1818-11ee-a323-902b34728d5d', '5a8eb69c-1818-11ee-a323-902b34728d5d');
#Username admin : admin
#Mật khẩu: Huong@123

INSERT INTO CATEGORY (ID, NAME, IMAGE)
VALUES ('ec961743-181a-11ee-a323-902b34728d5d', 'Thời Trang Nam', 'https://www.pngitem.com/pimgs/m/193-1933919_shirt-mens-men-clothing-clothes-top-sweater-sweater.png'),
       ('ec961d20-181a-11ee-a323-902b34728d5d', 'Điện thoại & Phụ Kiện', 'https://vuatao.vn/wp-content/uploads/2022/10/1.png'),
       ('ec961ee8-181a-11ee-a323-902b34728d5d', 'Thiết Bị Điện Tử', 'https://encrypted-tbn0.gstatic.com/images?q=tbn:ANd9GcTOf5eng_vqnPB1El7N2GikfsEZfLVzU6PNVw&usqp=CAU'),
       ('ec9620c7-181a-11ee-a323-902b34728d5d', 'Máy Tính & Laptop','https://encrypted-tbn0.gstatic.com/images?q=tbn:ANd9GcTr2tWQOoIZ5yfV7eOJCyLPTCtTvW_hUgnP7A&usqp=CAU'),
       ('ec96229a-181a-11ee-a323-902b34728d5d', 'Máy Ảnh & Máy Quay Phim','data:image/jpeg;base64,/9j/4AAQSkZJRgABAQAAAQABAAD/2wCEAAoHCBYVFRgVFhYYGBUZHB4ZGhoaHBwcHx0aHBwaHxwcHhwdIS4lHB8rHxgYJjgmKy8xNTU1HCQ7QDszPy41NTEBDAwMDw8QHhIRGTQhIys/NDQ1MTQxNTg0NDE0ND80NDQ1NDQxNDQ3NDQ9OD8/NDE0MTQxPzMxNDwxMTE/MTo0NP/AABEIAMcA/QMBIgACEQEDEQH/xAAcAAEAAgMBAQEAAAAAAAAAAAAABQYDBAcCCAH/xABGEAACAQIEAwUEBwYDBQkAAAABAgADEQQSITEFQVEGImFxkRMygaEHQlKxwdHwI2JygpKyFOHxFSQzU8IWFzRDc5Ois9L/xAAWAQEBAQAAAAAAAAAAAAAAAAAAAQL/xAAaEQEBAAMBAQAAAAAAAAAAAAAAAREhMVEC/9oADAMBAAIRAxEAPwDs0REBERAREQEREBERAREQEREBERAREQEREBERAREQETFWrKoLOyqo3LEAD4meKGLR/cdG/hYN9xgbEREBERAREQEREBERAREQEREBERAREQET8JlZ4p20oUmKIr4ioN1pLmt/EdhsfSBZ4lNwfbtDc1aFSkii7PdXCDq6qc6qObZSBzIlso1VdQysGVgGUqQQQdQQRoQYGaIiAiIgIiICYq1UKpZiAoFyTpP2owUFjoALk+AnJ+0vGauLLEsEwwP7NSfft9dlHvDoCQNecCP7R9omq1KjE7nKigjuoNtCdCTr6SkY3GtmzC6kag6gjxDDb1mbitZibKUIHRGT0GdgJCmuynvXAJt+uUC18D+kbHYZlBc1U+xWJa455XPfHhqQOhnbOynamhj6eekcrrbPTb3kJ/uU62YaG3IggfOYojmBZtr6Kx6H7DdG9Zl4XxOtga9OvSY3BNs2lwD36TgehHkRqBYPqeJGcA4smLw9PEU/dcXsd1I0ZT4hgR8JJwEREBERAREQEREBETDXrogzOyqOrEKPUwM0SAxXa7BU9DXQn9y7/NQR85rYft1gmYL7UqToMysBfxNrD4wLRExo4IBBBBFwRqCDsQZ4r4lEF3dUHViB98CndveKvdMJRNnqFVY6jV2CIpI1ALHU9AZZeCcIp4aktNBt7zEDMzc2YjmemwFgLAATnHFuNU24lTZWV0/xFBQwYFbd5LhhpYM9/hOtQIPtHwgVULp3K6DNTcaG4+qeoO1pB9gcbZ6mHAy0iq4iivJAzMtamOirUUkDkKltgJdm2nOOxAJxxI91KFYW/jxK5f8A629YHSYiICIiAia+IxSILuwXz/KV7jPH1aky0GOZhYPyAO7DXU22gQ3antA1Wq2GpZjST/islgWP2cx7qL1O55A8qBx3iiC6BFTxBLn4tuZOcROSl7OjYcyWOrMd2JG7GUDF4aoX74PnuPlAwd9m94MPX/Ob1KhqA4tfY8j4edv1vM2G4WGGtx0I0I8pmo1rlsNWHftdHGmcDYjo43+EBXoKVykC1rW8JC1FzhkbVhZbnmf/AC387jITzDLJKliScyNq6aE9Ryb4zSZDnuOYI9LMPmBA6f8AQbjWNLEUDfKjJUX+cMrDwH7NT/MZ1ec8+ijhJp06tYiwqFUTxCZrkeF2t/KZ0OAiIgIiICeWYAXOgmlxjiSYai9Z/dUbdTyAnF+0HajEYljmYqnKmvujz+0fOB1vHdqsLSveqGI5J3vmNPnKpxX6TVW4pUx5ub//ABX85yzE40238OWu8g8Tizc/r9f6QL7xX6RMS9x7VkHRLJ8xr85V8Rx53JZmLHqSST8TK61Y63M8GpAmX4kTz+f61ngY0+Mhy8/PaGBecPxitiaaUFxNWlUpk5bO+R0ILd9QbZlKnW2oOxMj6HEgysKigVUNmP2v3vl+r2lboVmU5lJBGoPkRPBrnMWvqYExWxrFu6x1yhgpIsASSGX6w72+07r9HHao4qkaVRl9rSUa3sWRbKWI6g5bnxnzfqdZceGYWrhaLYhiU/xClUAJBNIOCzeCsyrbqATsdQ+hMXxqiqsBUUtYgBe9rbbTxlR7AUjTrV3q2QGlRVCzAXOaszga8i6+s5hh+Jt9oj4zK3FHeoiZzlWzsL7n6oP3wPoinWVtmU+RBmWcOo8TI2J9ZIUuP1FFs5t0gdhkbxfia0F+07aIg3Y/gBzM41xHtzjGYJSrstzlW2U7bsxIJsACfIdZnp8SrlQ1Su7uRYuwXNbe21gPAfPeBk7SYLEMSc/tM4u5Z2WxJOZQLWCWsPWRrVqy7q38rqxt8QJkxPEH/wCY/wAvykfW4i/2yfT8oGpxPjFbuqucW3zW0+djCh6xGlhz85r4nGk+8AflN/DcRT2eZfIjmDAkVKooF9R87b/GVvj9XNZl95DcGeMRjWZs1+dx8J+JhWqNYbHb47ffA84NS9TMPrLY+hP4S/dh+yP+Jq+0cEUKe52zP9kHwGpPiBvtJ9iewgYe1rghDqq7FxyJO4Xfzv69Qw+HSmgRFCoosqqLADoAICjSVFCqAqqAAALAAbACZoiAiIgIiIFF+lZ2GHpge6agzemk5O+3663/AF5zvfaThAxWHekdCdVPRhtOHY/APRdqdVSjjrsbcwecCvcQS/w/1kHX3MtOJwpIOn61/wApEvwxyfdPjAhoMlTwh72Cnz/0mSn2frsbKjHyF4ELEt+F7A4x9qL/ANJH3yxcK+iLEub1CtNfHUnwsNvOBzRKRIudBe1ztff7hM2Cw2cn08ddj8p0rF9isRRUUmwi1FUkqyi9ybXObe5sPQdJpYrsfi8uVMM9NDvlW5t6iBT8ElL2i5AXIYMVfVWA+qbW0lx7T8ZOKyO9EIQBTp0abC1l8SLBRoOUxUOAnDqSaFVftO6feeQmuHWyuxACkqSeV2JHrp6QIN0rswBQIByHS3hty/Q0zcLBZqpvrmy+gsJYcyMpsynTqJT1xfs61VeRdvUMYHQcG+EZjnSsgJOXIVsFv3Q2dmLEDQkWvvYbTS7Q5EV2oszKq3BYWN8uug8Tb4SMw3aGmECPhkc2AzK7Ix0AuTY2OnKwvqQdQY7iHEc6OoFg17LcnKL3C3OpttcwMvZmi1Rnf7ACjzbU/csmcQHErHA+KHDhl5MQflaSdXj4YQP2viiN5ovir85q4nF59pprQqMbqDA26lWa9B7ORyYX+In4bzBVbUHp+MDeerOtfRFwrD1qbVmOerTa2Q7KCLqxHO/eA5d0zkNKkXIUC5M6X2WKcKZK9Z6md1KtRTKbo1jdgeYIBGo2I5mB22Jhw9Zaiq6kMjKGVhsVIuCPAgiZoCIiAiIgIiICauLwFKrpUpq/8QBm1ECH/wCzOE3/AMPT/pmROz+FG1Cn/SJKRA004dRG1KmP5V/KZ1pKNlA8gBMsQEREBERA18XhlqIyMLqwKnyM4PjcAtOpWpA5gjlQbbjxHMafl4/QErPFexeFru1RlZXbUlWtc9bQOE1sEj9wGmj/ALym58mDD7poYvs5URWf9myqCxsWBsNSdfznWOO/RZn1o1M3g+h+DD8ZUsR2O4jQDLldkIKkWzgg6EacrQOersSFaw3IJsOWtxprPaIzaJnZjyty639PWWzH8NxIX9qhVdrsHAv4eM0UwDgm1TJfS6qTp0vfSBHN7JlyuSlQaaqbAjfUcpphBYlWzBRckAgDYc7E6npJrEcJRUdmLM4Utck2vqToLSPo4hiCDSp2Bse4F11FrjoTfXmBA16eKVdwTNv/AGy9iqKFvpm3a3h0mzw/AFzZbMAO9sbL11BtJnEYDDqjDIgZUDA93M5JHoLMSTodBYD3YFSSZ6OGzELbfT1m8uBaq4SilmPxt1Ym2g+cmRWTCJlokvX2etyU80TkDa/62DJgaaYFczBXxJ90H3af7zfveHLnIzFVHcl3JYki7Xve97ajyO3SadQsQSCc2pBvrm5G/W/OblDhztUCL36jsLIuoGa7d22gXvHwAF9tYHYvom4iamDNJjdqLELrc+zbVb/ze0UeCiXucZ+jLGGhjDRYiz5kNjcFluQQeeqWH8c7NAREQEREBERAREQEREBEx1aqqLsQB1JtI49oMP8A8wH+EM39oMCViQL9rMKu7uPOlWH3pMQ7a4H/AJx/9up/+IFjiQdPtXg22rr8Qy/3ATW4t20wlBcxdqhOy0lZz8SosvxIgWWQPGu1mDwhtXrqrWvkF2a3UqoJA0OpsNDKVjfpSD3SiiqxFg1QuCLjcg0wAfjOa8TwrszFzdm94gknXy1gfQdPtNhGoriBiE9k3utf5FdweoIuJhftlgVcI2JphmIAvcAk7d4jL85874c+yFlFvEEXv8QTf0kexUMbrck7uL3+N9D59YH0H9Ka/wC5g9HX8Zxxqkx47tHi8TZatao4FjlzNlNuqAjXWfi4BnUZSyHzJB8zvA9Y2rdHHVWHyMrVCpbQbWF/TX53lko9n6znIFqFj9Yd4Ac+6B0vbxtrMmI7GVKBR3bKrG2Y/VvoMwFyL7Dx00gRnBcQe/e22Ug+dwQNiRb5yYw+Feuxy5Qo1ZtkUAak7C/OZsPwKiveFTNmNlISwbzLsttSB5sOovnd/ZoU1CuNRyNuvj0ga1bFEAUMKps7BGqW71Rzyv8AVW2p8N7CSFbCUWSzVLUaZIBVlVS/MquUl3tpmNgdcoGoldp4s0wxBLuRkS5CZQ9y+Ug6HIuXNv3vKZcKWqqHIOXZFJLALbqd7bctoGVkUhkBzGnqrZSpancCxBANwSCPAmSNPFrSplaWruqipU1uqlRmprcDKS1wSL3CjXWy4MO6ZHW2VkvbQD31ylQLnRi6tbYFNNWJOgyuxKqFC5R3z9UklSOtipuR+6DygTXZqk3+MwwUHN7ambeAZS3wy3J8Lz6CnDvo/wCMKmNTuh2qN7NXOpGYnOynzsL87MPPuMBERAREQEREBERAREw4prIx6KT6AwOEfSZ2lqVHdVZghdqagG1lQLm/qLC/gttiZzPOQdDY9RLD2oq5nQeDN8WdwfkBK3AlMLxXEL7teqPDM1vS9pKUu0mJHvOHHR0U/MAH5yuUTNxB+vy6wLVgO0DuQGoIRcAshKWubDum9zfkNZOpikJyWOYe8Fs2XwbLfKfOU6q5QrQQ5Tu7De9u8w9co6a9ARaOE8Pf/Diop9nR2SwBZ7btc3svjueslsnVw2MSlNhZiNORGolZ4ljzRewu9A2uNiuv1TzHgevK82+KcRuACLslznuSco94G+4sPUCRVWujaHY6esuEl8esQlgrL7je6bgDTy57HXWxFwJr+zUnkfIE/OZODqcz4ViSDdksLkta4A+/4HeeqqMrMjZ8ykgjQajxFtIau9slTClQHXlvufiNQJLcOxXuvbYgVF+5tNvw35TTwmJATKwHMWJvcW/19BNTDYjIzW1XVTooFvh4Qy6AlSzZkLC3U6/IafmDPNBq9RG9qy1KZBVg7fVu9yEUEXKaML6Fbi1zKYeP5UXXvAlbW0sPrfd/VNNeMYh7qlZaaHfMyqbk/VIGcnXltAnsM3s3alkao+dgre2Wmrplupc7lrXuNL28ZrY3HF89PIiFbDuOzo1mv7+p0IsbeEgRX/aFKzCoo95xdtQM2lyL6kjXpMzYukQFpqw0Y3ORVsDroo063vzgaPFkJAItYsdFuQDYbE6kWPOXDhuHAw6EfZ/E9NtbyJwPCziqVWnTIaqtqtNF1LhQy1VX7TBWRgo1OVrSV4Bx58OhV6dkB0dlfuPuUOVGI71+V/mAEVxWiUYXFs7lvgFUDy1v6GRuLxhsVBsNMxG/8I8T8t+kkO1PHPasDrlHug6FibAsRfQWAAHmdCxArNJHquFVSzMbKqi5Pl+cC3fR7Xz8SwqjbPt0CoxH3T6UnzJwlE4fVSvUr/7wlytOmA7KSpBzMe6psx01m5xL6Sq7E5A3gzuzH+kEAQPo+JT/AKL+K1MTw9KlVi1TM6lj4MbD4AgfCXCAiIgIiICIiAmlxZrUKp6I39pm7I/jv/h63/pv/aYHy92hPfT+D/rc/jISTPaH/iJ/AP7nkNAyUd5LcNp3dAftA/O8jMMtzJrACzKfEel4Gp7QtUqG9iTlB6Zib/MzpvGeIKlFKaWARAAPgJy9qRD1F53JHwJt+HrJrE48uFN9Co+6Z+pmwZcNZ3cE6FWHyP32t8ZDILgHqLzZw1azTzg6d0X+EfdN1JGniapRkqC91IsQbHum419Zv43EZqrt3iCTzO4JBHwsJq8Updy/Rh+M90UJKnXUctz3ad/mTI3OV7VNUBBVS6glfesxtpfS+syYnDqlR0UkjS2YBm1UX93Qag725TPh8AXYDLuRubncdJnbh2WpkFtQtxfqTyGvrpDKIpYRnRv3GBsejBAbeOoPwmzg8EFVmennVVLamwBVS2thc3IUbjcy3YDhK2PQud+WQAfeo9ZuUFQFwLWXcm9h6A66He20CnVMKoYu6hA5YBBfysL89T0Gh0EyUkRASilWAFi2+pB53636TR41xAV6xZW7qHKgtuATc9Bc3+AEkDRZkzs6AMBlGYlrDTbU3t5aDSBs4eq6L3DkQ9/PezBg107+nujmLG5vyn5xfjLVgoerUqlds1RnF7cr91eeoBOu5kWSgJ7pqDZGYsthewbLvfUd281MfWCrb6x2/OBqGk1erlW1+p0VQNyTyUdZvHHezU0cLe5FqlYCzP1Cn6ifM85g4bSJQi9lb3rbsBsCenhJShhOSKfh+cCDThjHew+Z/KZf9ngdT5/5S5YDsriavu02APMi3zMt3B/ouJZWxDnLuyoQCfC9vugW/wCjnBrS4bhgqhSyB2sLXZtST1O3oJaZgw1BaaKiAKiKFVRsFUAADwAAmeAiIgIiICIiAmnxRM1GoOqN9xm5MVZbqw6gj1ED5T7QJ30/g/63kJLfx3AMz5QNVZ1PwOn3mV+pgGVmUjVTa3huPUEH4wPWBpaXkvhqcwUKNpv0FtAw4nD/ALVSAczi4/eZdCo/eK2IHMqBzmTEcOOTMuqHUMPq31/p+6bmIoZ0AG4OYDQa+DWup6H1uJv4XiIVbVgUY6+0yko3i6rco/UrmBPLdiFZXhtXQ5Qw6qyn8b/KbfDKN6aH90fdJLF16Y1Vk15qRqT4b+oE/OE0f2Kfwr/aIERxmgSiKouzuqgeJvb52k9xvChHWmL2RADrlFz477AaD8ZH43EhK9M2v7MZwP32924/dAv5keM8vi2dmYjMzamwufhe9vlCpPhSomZ2ygAefie8d9hNRuIgO1Q+8T3F13Og002Hn5zVSg7m7tkUbLe5+MzphVHuqT484R4x/aA01CA9+1rA7efjIpcW7plJ7h1I11PU356Da0lh2bNU92g5J+yG/CS2A+j7ElWIpVFQAmzFQf5bg6wKSy2O0kMHW7mWy9MxFyLEEAWF9bn085j4hhijEBWC32OpHgdN/hLH2E7Nti3CgMEBvUexyqo+re1ix+zv8NYG1wvslWxIRvZpRp20JzFnB52JJN/Cw1k3/wB1ec3Yi3XKwb+6daw+HRAFUAAAAeQ0EzwOc8L+i7D09TnPgW0/G0tuA7OYel7lNQettfU6yZiBjWko2AmSIgIiICIiAiIgIiICIiByDtzwRsPiDWCk0KhzEge63P8AH1Mia+Fo1QDfK9tGtuvK40uN9dJ23GYRKqFHUMjaEGUjiH0fJr7F2QHXLoy/0tA5zV4Iw1XK48DY/O3yvNOrhSnvIy+YIlxxnZHFUycqhx1psVP9LXHpaRNZa9LR1dPB0YD+pL3gV+wmRXPU+skGZX3pK3U0yL+iEN6zXcUb2JdD0b8iL/OBp1q+RHJVT3WN7WOxkzh0CIL/AFVA9ABaRdTCh2FKmTUYkBgq6KvMHU6kaAeN50rgHYhnAfFHKu4prv8AzHlA5cOG53LtdnY3so28PSwlp4P2KxNUd2nkQ837v36mdewPBqFH/h0lXxtr6mSMChcL+jikljWcuei6D13lrwfA8PSFkooPHKCfUySiB4VANgB5THUoBjcltOQNhM8QIjFdncLUYs9FCx3NtZvYTCJSUJTUKo5AWE2YgIiICIiAiIgIiICIiAiIgIiICIiAiIgfhExVMMrCxAmaIEBjuymGq+9SXztY+okTW7AUb9x6gHNc9x6MDLrECD4T2dpYe2RQD13Pry+EnIiAiIgIiICIiAiIgIiICIiAiIgIiICIiAiIgIiICIiAiIgIiICIiAiIgIiICIiAiIgIiICIiAiIgIiICIiAiIgf/9k='),
       ('ec962488-181a-11ee-a323-902b34728d5d', 'Thời Trang Nữ', 'data:image/jpeg;base64,/9j/4AAQSkZJRgABAQAAAQABAAD/2wCEAAkGBxISEhUTEhAQFhUVFxUSGBUVFRUVFRcXGhcWGBUVFRUYHSggGBolGxUVIjEhJSkrLi4uFx8zODMtNygtLisBCgoKDg0OGxAQFy8lHyUtLS0tLS0tLS0tLS0tLS0tLS0tLS0tLS0tNS0tLS0tLS0tLS0tLS0tLS0tLS0tLS0tLf/AABEIAPwAyAMBIgACEQEDEQH/xAAbAAEAAgMBAQAAAAAAAAAAAAAABAUCAwYHAf/EAD4QAAIBAgIHBAcHAwMFAAAAAAABAgMRBCEFEjFBUXGBBiJhkRMyUqGxwdEjQmJygrLwJDPhNJKiFFNzo8P/xAAaAQEAAgMBAAAAAAAAAAAAAAAAAwUBAgQG/8QAMBEAAgECAwYEBwADAQAAAAAAAAECAxEhMUEEElFxkfAFEzLRImGBobHB4SNC8RT/2gAMAwEAAhEDEQA/APcQAAAAAAAAAAAARcTjaVP+5UhHwbV+i2sjYDTNGtNwpuTaWtdppNXSyvnvW41c4p7raubKEmrpYFmADY1AAAAAAAK/DaWo1JOEai1k3HVeTbTtlfb0LAxGSkrpmXFrBoAAyYAAAAAAAAAAAAAAAAAAAAAOE7S4b+oqPioS6aqj8YM06Eq+irwlfK+rLk8rvlk+hb9qqP2tOW6UHHrGSa/eyjqQPN7U3T2lyWjv+y7oWnRSfC36PRgUPZ/SanFQm++sk395fVfzeXxf0asasN+ORT1Kbpy3WAASmgIeksUqVOU3uWXjLZFeZJk7ZvJLO5xfaHSnppasX9nHZ+J+19P8nNte0KhTvq8uf8zZPs9F1Z2017+ZSOkdv2VnN0O/KUnrNJt3aSSsr+Zx97I7fs5T1cNT/EnP/c3Je5oq/C0/Mb0sd+3teWl8y0ABelSAAAAAAAAAAAAAAAAAAAAAUfaqm3ThJfdmr8mmvjqnMzOx07/Ynf8AD+6NjjZJlD4nG1VPivctdil/jtwZgpWLzR/aCcbKotdcfvfR/wAzKX0LNkaD4HFSrTpS3oO37598jqqQhUVpI7bCY2nVXcmn4bGuaeZhi9I06XrSu/ZWb/x1OPhSaMnTZYPxWe76Vfjp0/px/wDhhverDvX+G3S+l6lXu+rD2Vv5vfyKpkqeHfFkecGtxW1Kk6kt6buzuhGMY2irGjEN2strtFc5NRXvaPTKNNRiorYkkuSVjz/RFJTxFJS2a8ZdY96P/KMT0QufC4WhKXz7/JW7fL4lEAAtDgAAAAAAAAAAAAAAAAAAAAAKzT2HlUotRexqTXtJbvn0OQpzzXim/gehHC6Ww/o67W7WbX5ZK6tyeXQp/E6VrVFyf59yx2Gd7w+vf2MqVW66X+psiQqc7JPhKz5MmR2+4qTtaNlj5Y+2Ppk1MWRp2a82Z16ll8CPUdovwVvcYNkjHRdFzr01HdNSvwUXdv3e89COb7HYW1N1Wu9J6q5LN+/9qOkPQ7BT3KV3rj7FXtk96pbhgAAdpygAAAAAAAAAAAAAAAAAAAAA5ztbQyhUW7uv90fhLzOjKbtW7YafOH7kc+1wU6Mk+F+mJNs8t2rE5VZqS8b+8k0al0nvW3wayZX4RtbfC2ZNis21fPbsPLl40TTGTNLr23cX5Jv5GjE1Hbyb3Xu887+JsRqLE3fvPoacY8lHjbze42TnfZsW5fMw0PWVTFUotZa+tt3pNr4I2pw35KPHA2k7Jy4Hc6Ow3o6UIeylfntfvbJYB6tJJWRQNtu7AAMmAAAAAAAAAAAAAAAAAAAAAAUfbB/0z/NH4ltiK8acZTnJKMVdt7kcBpXS0sTUW1RSvGL3Ju0W17Ts+Vji26vGnTcXm0/a/eZ17JSlOakskasNPZs4E534x/nUqsJKM4prZKVov8MX63WyfUjU8VJx1kk+7rJeMryS/wDZSXRnnC53bl5VTs+U1u9iXA+VctvBZ3360VmQaEnrtXuoayT33Wqn1vro+YqUtWTcpWUNZq7W+eeW/wBTyBixNpSvus/5t+pvpPVkqkUlOOx2V1lb4MpdH4xtxu7xlDXUntylqyjLjuz8S7sbK8ZYGskmXGF7Q7qkP1R+cWXtOd0mr2avmrPyew5vQmjlOWvKzjF2txe2z8Nh1B6HYpVpw3qjw049/f5lPtSpxlaC5gAHacwAAAAAAAAAAAAAAAAAAAKbtHpP0NO0f7k+7Hw4s0qVI04uUskbwg5yUVqUvarH+kmqMX3YO8uEpLj4L48jjcVjHDD1a69aaco+F7Qor9r8yyxrtTav3p9xdfWflfyKjSkNephsOvvSVWS4Qh6q6u/uPMTqutVcpf8AEtO9cT0FKmqcFFZd3Lb0Sw+CbW2FLUj5aq99hgaNoQut8G+ma/ajZ2mf2UYLfKK95sirU+tvcQXN16b8WfNCRvGTe+Un51JP5mVR686tLeo25qULr3pmPZx3pswUrY6XjTpP3zX0GjfeZiXqaI/ZuSnSov8A8tJ9JyXyJ2ApShTcFKXculfN2WxZ+BB0FT1FVh/2sVUXJSUZr3TLqCtJ8zZvFtcTDZl2LxvosRUot92r9rG/tbJLz/cjvDyvSN6co1FtpTTy9l5P3NPoek6NxSq0oz4rPmtpeeHV95Om9MVy/n7Kvb6Vmqi1wfP+olgAsyvAAAAAAAAAAAAAAAAAAMKk0k23ZLNvgjgtKYp1qjqPflBcI7uu/qdJ2mxijT1L+tnL8q3dXlyTONdV96XDZzf+Ck8Ur3apLTF/rvkWmwUbLfeuC7+Zp1Neo+EbQj838SFoBemxlat92H2UOUcsiXiJ+ioznvjBv9UskZ9k8N6PD+LV3zefzKqOCLOWT6H3S/enSX4nLyWRIj/YT8SPi86y/DCXyRJf+n8yNZmZelGHZtfY8zTVf9Vf8EV75G/s9/YT8COl9q5fl+LMt4BL45GdDLE4qHGNGv5qUP8A5oscO7orK9TU0hTW6rQnHrCSa90pFnSylYkaIdPoR9IUk1drKS1X0/w2WnYLGtKVGTzTaXOP1jZ9CLiYXi/DvfUrsJVdGvGa32f6o7uqJtnrOlUU+GfLU0qU/MpuHTmenA1UaqnFSWySTXU2nqblAAAAAAAAAAAAAAAADXUmkm27JK7fBLabCj7S4vVgoJ5yzf5Vu6v4MirVVSg5vQ3pwc5qKOX01jnUqNu+bvbhFeqv5xZG1PVX6mYwjrSu97NyV2+LyXU8pOTm3J5s9DGKikloVfaGV4U6e+pPWf5Vki5oR1aSXEpsV38U7bKaUVzLuurRjHkjVvA3ksIr6kGorzk/w2JM/wDTvwua6sbXNk1/Ty6mscxLJc0atAP+m8zSt7/L8bm3Qn+na8ZfE1v1DMzaPqfMidqJ+jr4Krwqaj5TSTL2srS95Qdvqd8NCS2xlF36NfMu6Nb0lKnUX3op+auTO+6n33iQ/wCqfNE1fIp8bS3b4u6LWi7oj46GafHI1RrF2Z0HZHG69Jwe2Oa5Pb5O/mjoTzzQeM9DWV33d/5Xt8sn0PQz0Ph9bzKVnmsPbv5MqdtpblS6yePuAAdxyAAAAAAAAAAAAGupJJNt2SV2+CW04bSeKdWbl7TyXCO5eXzOg7S4u0VSTznnL8i+ry5JnLVHtZSeKV7yVJaYvnp0zLTYaVlvvXLkYbL+GX1+RnSyzf3U5dd3zMNXYur6jST1aE37WXTYVJYW0KvQlPXk5e1P3fxF5V71RLhmQ9AUrRj4R1vPZ8yZgVeUpdDU3m/ib4GvFLNnymr0ZLn8DLFLMYb+1Lr8DC9Rr/r9SFoeVqU14syqLuIxweUJLqbKuyK8YmZm8c7/AD/Rh2spa+EkvC/lZ/I19kq2vhIr2Lr+eZZ4+GtRa6HP9iJ6rqUnub9zZLoRpXpv5M6XDMyxcLx5ZmqnlIlswiN5lJUWx8Du+z+L9LRi75x7j6bH5W95xNaNm0WvZTF6lXUbyn3ev3fmup3bBV8usk8nh7EO109+lyx9/sdqAD0JSgAAAAAAAAAwqSSTbdks2/AzKPtRi9Slqp51Hb9KtrfJdSOrUVODm9O/vkb04OclFanP4vFOrOVR/eeS4RXqr582yJPNpfzL+I2SZpbzb4ZfU8pOTlJylmy/jFJWQ1s2+C9+406feUKS32v7iThIXaXF6z5L/NiHinr4jwivqRvIlh6uRPwq1YSfgo+SNuBjaHM1VsqSXtZ/MlRjaKXgY1I3lzf4I+JiYYP1Zo34lGjBffXgNTN/hIaVkxUld9T7M1UZXn1fwYkSot6ivTfI5jAfZ4yXCVpeZ1FDOLXQ5nSkdWrTn+l/IkRpS1R0ldWlzJEHkRpy1oRl4G3DyyBC8iLpCFmmRoyaaay8eDLPFQvF+ZVx4GxtHI9E0diVVpxmt6z8GsmvO5KOV7JYy0pUm/W70ea9ZeVn0Z1R6fZq3m0lLXXn3jyZR16fl1HHTTkAATkIAAAAAAOG0pifS1pT+7HuQ4WW19Xd+R0XaLGeiovV9afcj4X2vor9bHJJWSS3FP4pWypLm/179Cy2ClnUfJfv26ipKyuRak7LVSz2m6T2Lr5fz3GiG1yf84FMyziibgVZSfDu/X3ldh1dzl7T1Sxrdyj4kbR9LOC5yZpLRGYvBsk4rOUY8LEqpuRGo96o34kneZNHhZGOJRGwW2ZKr7CLg/WlyDzRhelkOewiYCV59STLYyHoZ3qdWYeR0R1OjpwtlxRQ6Yo3pN74vWOgnlZkLGUr60eKNyCErM16Hq69HkSsPIpezFa0pU3uuvIt9jZkzONpMmlVVhZssoSImPjmmZRHHM00KrhJTi7OLTXT5HoOExCqQjOOyST+q6HnaOl7J47bRb/FH5r5+ZZeHVt2puPKX5/qw6HLt1LehvLNfg6cAF6VIAAAAIOlcZ6GnKe/ZFcZPJfXkmYlJRV3kjMYuTsjme0WK9JXaT7tPuL83338F+kq5StlvM1He+fN72RpVLXe95L+dTydWq6k3N69/jA9BSgoxUVofU7Rk+h9wEdZ8jRjZW1YLqWWiqFoX45kWpI3aNzDTL7sY8WkMGra8uC1UfNJO9SC4XfkfV3aS4yz8zV5hehLj7mejlk2S6SNVCGrFG6CyMojm7s14jYRsJ68uRIxGwjYT15cg80bL0sg+11IPZ9/adWTlv6lfoTKo+YeROsnyOqqGrEQuk1tRvZibnKjk60vQ4pS3Ts/kzo8Qs7rfmUfazD/AGeutsGpdN5aaPr+loRlvSBNPGKl9CTCRliY3j7zVTeRtg9wIithmb8LWcJxnHbF3X0+Ri42bQsbrDFGz4HoeGrqpCM47JK/+Decx2Vx2bpN5PvR5/eXz6M6c9Ps9bzaan156lDWp+XNx6cgACYiBQ9osFUnquC1owzcFt1vatvsr+ObL4EVakqsHBvB8DenNwkpI87cr38MrcHwIrV5+EUd5pHRNOtm1qz3TW3rxRwtTDTp3hUTjNvNP4rijzu1bJKg8cVx7yLnZ9ojVWGfAg+vPmzpMNG0VyRR4GlrVMtz+BfxVjliieq8kVeNV6knwSiupvqxvJR3RRhKN6nOSfRI3UXeT5mEZbwXIkMyB8uZIjRiCNhX9o+RIrsi4V998mavNEi9LIN8/Mg6N9eRL1u8v5xImjn32zV5HQtTqqcrpPwPrNWGfdRvJEcjwZD0jh1Ug096a8yh7HYhp1KEtsW/dkdS0cbj3/0+NhU2Rna/wfyNlw77tclp/FFxOk2NrgZ1cs0fMXHO63oyveII/ma6qvd8n8jSbqTzaJeitESrt5qMIuzltd+CXK2bN6dOU5bsVdic4wV5PA0aOoVJ1EqS7yalrbo+LZ30b2z2+BHwWChSjqwWW9va3xb4ko9DsmzeRHF4vPh9Cm2it5ssFggADrOcAAAGjE4WFRWnGMl4q/lwN4MNXwY5HE1dGqhWnq05Rg33bttPJXtJ+N8jNvI6+cE1ZpNPc80VWL0HGV/RycPDaunApto8Nldyp4rhl00/BY09rTwn1z/py9FXlJ8Fbq9pIoRtcn0ez9aCedOV3fJtfFGqWjqy20pdLP4Mr3staOcH0v8Ag6/OpyykuponOxpV2b54Orf+1U/2S+h8dCUfWjNc018iN05rNPobpriR6qIuEfffJm+tUXEjYF3cnus89xE2rrElSe6yupq8+VyPo1WVt9/mSaDXed1wNeBspbTV2tmTpnRYfYbjHB0JyXdhUfiosnU9EVn91L80l8Fc6adCrP0xb+hwzqQjm11IZy3bejeEZ74NPo8jv4aBl96pFclf42MqvZehNWq6809qb1V/xs/edVPYK7d2rc2v1cjW2UoO97nI6MxHpcPF3zSsy00ZoytNZU2l7Uu6vq+h1WD0ZRpJKlSpxtllFX89pOOyn4Wl65dP77HPU2+99yPUoML2cgs6knJ8FlH6v3Fxh8PCCtCMYrwVvPibwWFOhTp+iNvz1z+5xTqzn6n3yAAJiMAAAAAAAAAAAAAAAAAzcAADefEEeWEpvbTpvnGP0M6dGMfVjFckkbQYWGQuwAAAAAAAAAAAAAAAAAD/2Q=='),
       ('ec9625eb-181a-11ee-a323-902b34728d5d', 'Mẹ Và Bé', 'https://png.pngtree.com/png-vector/20190120/ourlarge/pngtree-illustrator-mother-mother-and-child-mother-and-child-illustration-illustration-mother-png-image_493083.jpg'),
       ('ec9627aa-181a-11ee-a323-902b34728d5d', 'Nhà Cửa & Đời Sống', 'https://dogiadunghc.com/wp-content/uploads/2019/09/bo-am-dun-nuoc-pha-tra-2-300x300.png'),
       ('ec9629ab-181a-11ee-a323-902b34728d5d', 'Sức Khỏe', 'https://suckhoedoisong.qltns.mediacdn.vn/Images/tuananh2/2021/07/08/1%20(2).png'),
       ('ec962b68-181a-11ee-a323-902b34728d5d', 'Đồng hồ', 'data:image/jpeg;base64,/9j/4AAQSkZJRgABAQAAAQABAAD/2wCEAAoHCBUVFRgVFRUYGBgZHBgaGhgcGRoYGBgcGhgcHBkYGhgcIS4lHB4rIxgZJjgmKzAxNTU1GiQ7QDszPy40NTQBDAwMEA8QHxISHzQrISs0NDQ0NDQ0NDQ0NDQ0NDQ0NDQ0NDQ0NDQ0NDQ0NDQ0MTQ0NDQ0NDQ0NDQ0NDQ0NDE0NP/AABEIAMwA9wMBIgACEQEDEQH/xAAcAAABBAMBAAAAAAAAAAAAAAAAAwQFBgECBwj/xABIEAACAQIEAwYCCAQDBQYHAAABAhEAAwQSITEFQVEGIjJhcYETkQcUQlJicqGxI4LB0aKy8RUkksLwU4OT0tPhFjM0Q0Rjc//EABgBAQEBAQEAAAAAAAAAAAAAAAABAgME/8QAHxEBAQACAgMBAQEAAAAAAAAAAAECESExEkFRA3Ei/9oADAMBAAIRAxEAPwDr9FFFAUUUUBRRRQFFFFAUUUUBRRRQFFFFAUUUUBRRRQFFMMTxa0j/AA8wZxBKArKg7FsxAHpMnpTK/wBolU+EZfvtdS2o8iXI19KmxOUVA3u01tApZXYNuUUuq+eaAG9iTpzqbsXldVdWDKwBVhqCDsRVG9FFFAUUUUBRRRQFFFFAUUUUBRRRQFFFFAUUUUBRRRQFFFFAUUUUBRRRQFFFFAUUVVeN9tLVqUsgXXGkg9xT5sPEfIfMUFI4hxu7Zu3LJS2c7YouWEuzo+VWD7gQVMdNNNKpfDbly6Lxgl0COCJJUB8rSCTp3l+VXBOGYnH4hriHvZizEKotoWUKwJYGJAGmpMTBq79nOwNrD5i9x7pYEFCctuD+FQJOm/6Cs6tXc6VXh/E8Zew6fGzBUkZyoQo2R1VpUBgVYAnp8pvPY0OuFRXVgwa5yMFfiMVIOxEEQelT2GwqW1Coioo2VQFHyFa4a1kUgsCMzEaQAGYkLvsJirrnaRtPr8jSSYtGJUOhYGCuYSD0I3FKtjLY3dB6sB/Wq72l4SuIXPZdPjDbvDvjkCRqD0I8q1NVLuLHRXMcLicdh2h/iJ1zd5D1j7J9qtNntUiMEukEHa6g7h8yuse00s0S7WWitbdxWAZSGB2IMg+9bVFFFFFAUUUUBRRRQFFFFAUUUUBRRRQFFFFAUUUUBRRURjO0+DtEq+JthhuoYOw9VSSKCXpPEYhEUu7BVXUsTAFUnG/STYzFMPae433mhE9ebR7Cq5xPi97EnNdcBUk5QIRPMCZZvUk1m5RdHXaTtRcxDMiEpZ2CjRrg6uen4fnTbsxwZb9wi44CKAcisCzzrGZTAGomNdeVRONvosQpBGrBjJA6GNm8uXrsph8e9+9buW1W3cUfxLiyqHKIDug0nL3SeYAq44281m3TtGBw6W1CW0CINlUQBUfxPtLZsnICblz/ALNO8Z8zyqq4vjt27bjObVgd1rirD3m2K21J0BJ3nnr0qFTCXbhNtFNpCJgE53BMHO/ibzAgCRUyy+NTSa4n2ycHK923Y/As3LnoQugPqRVaxvatWk/7xcImczKgPoAGP60z4vwB7bYVikFnVGEcyfLlE/Kp6/2SMOI8UwddO6B+4JrBtWL3aBDobL6//tf/AMtN/wDaVlt/iIeodXA+YB/WrBi+zJDTGkERrvIj9jVP45w5rZRIhnb3Any5wKaXaxYLi+MT/wCnxPxV52370jpkeQR+U04s9pcPd/h4i39VubBwGNqY2ZDLWx6Zh6VTriOjaaR++9Ol4il1Ql4T0f7Q9D08v3qy2F57X1cbiMND237jCdCHtv8AiWJUgjmKc2fpPyHLiMM2xIdGnNG8Iw09Mxqg4HiF3BaEfGwzmShOkndkP2H312POeU7Y4MmLe38Jy1t5IcDVCoMqy8mHd08+YrUuzWv4v/Zft1h8dcNq2rq2TOM2XvARmAg7iR+tWuvPOCR+HcQTP3TafMY2ZG0MfhILb7eor0NSW+zLXoUUUVpkUUUUBRRRQFFFU36UOO3cLg/4By3LrfDVh4lWCWZfxQAB0zTyoH/He22BwjFbt4FxvbQZ3BiYaNFP5iKrFz6XsPPdw94jqzIs/ItXDTadmIhi25nfXmZp8vC7ypnjbWOcVNrJvp1rG/S0SjCzhsrkd1nfMoPUqqjN6SKqFrt1xIOGF66z5iWBVTbI6ZAIA9IPnUJwt1uDfKRvzg8j6VMcMxBsXASp7phpG4PSpbYk7dGwPbTGOqqcNbzFQS+d1WfyESP+KlX4jj3kNdS2DtkQSPd81Rj4gNldDodqy/EQglmA9T/TnXmv75XiPVPwkm7WmI4AboJxGIvXuqtcYp/wTlHypneXDYdMqW0DfZUASfM9B50nju0ZCME0B3d9APQHn6/KqTjuNgE5e+x+20x7Ddv0q4zPLnJnK448RNI4lmYhQTLNG/ko5noP9aV+vhbZvAZVzFLKEyWcRnut1yz6SwHKq5wjD3MQ6qDL3HCLOw1jN5KNSfIGleOYxHuhLR/g2gLdvlKqTLnzdszn80cq7zFxpwCznLzYnUnn/eas3C8PaRA9/u2QwXSZvP8AdkfYXdj5daj+yfDTiHRZgQS7aQiDxvJ2PIeZFdbxHZ229lrDKPhlQEA8SEdDz5Gd5mt5XjUc5Odm2H4EHJNyGUqAmXQIpBGVVGgjkw6+szdvBqOVVbsdj3sO3D8Se+mtl+TpyUegBjyBH2dbnWJFInCoYlQY1EgGD1HSojDYq41+4jC2IHcQOrEhXys7sCWB1Xu5QBtJqX+tpJGdZBgiQSCNxAqEtK31i4coZGISWKKpX4WZURdWYZmLHRdXJ1AFBLXcEp5VQMfwIYjiBAHcsICfzOSFHyU/OukBjlk7xqBrrGwqF7M4Vgly86lXvOzwRDBB3UBHLugGPOgofHOzUAgCJMnTfr7wIqjcQ4eUY6GBpPU/9c/+j6ExeDVxtXPe2HBkRC7bDWNpjkfLn7U0sqgcKxoP8NxmRtII2G0jz2+XoQrg8Xc4dfDoxNtyJjURyYfiAPuDHpEEnvPlgSMh1EdT6Gp7DAYmwUbxASp5iNx/X59anTWzntVjkxLC4R/FIgsDKPbAlMo5b+s10D6Ne1RxNs2LzTftAd473EGgc/iGgPqDzNcfwF2A9t/EklPSe8v9fc1Idj8e1niGGcGFa4qN5i53CD7sD7CtSmXb0TRRRWmRRRRQFFRXHeO2sKgZ8zM5hLaDM9w9FXoJEk6CfSq3jMRcxKE4km2h2wyNuOXxXGrn8IgeR3rGWcx7axxuV1EpxHtSslMMouuJDPr8FD5sPGfJfciqbx/FqitiL7G9dWcueMqzsqINFH9tZpxxLi6YZCD3AB3UED/SucY3jTYlypYKkHU6iY7s+9cvLLO8dOvjjjN3tL8OdbzG4zKXY6xAjyA5Cp61g7Y372hBUbfPnXOL2GvKCfhhgI7whhr4fCdT5VqjXAwX4D5lEkAOGE7EgbDf51q/lb7Mf1knTNwfVcUysO7JBHIo1TOKDZJU+HQkmZB8J+VRQusVzmyxUnLm7xBO0A86VuJcVwpw75m8KiWY+wJNdZjdcuOVlu46F2IwQxVvI99rZTSFUd4EnnvNV7tTxG3ZuNbw6McpINy4QzEgwcqABQPWagMFxjEYdma2HSIzd0908pzDun5VFY/HXHYs7ZmJJJjck1PGTqL5W90picU7tLsWPmf2HKm7gk6axv8A3ipDsvYRsVZW6oZHYqQRoSVIWf5oqV7U/UyCtllRlnurbKiQSIzDeQAZ86lurpZNzbbhGIWzhr1wN/EyLatgTIN7MLjyNiEV1Hm9Q2FQs4G81KY678CxhbCKhJtfGuSqnO95iy5gRrlthAOmY9aednsM2JxKlgJdgSVAVVXmABoAFBq1n06z9H3B/gYdWyybupOkqgHcEHcHU/zDSrdbQAAAAACABoABsAKYcKx1i4CLN1XywCgYHJAiMu6+9KYziiW8uoIZwhaQFUkGCSfMBfUiqzow7T8A+sorocl+2c1t9jIM5Sehj9qlsEbhRfihVuFRnCmRPOPL9p50z4hcYJeAYggK4ILaAwD4dQJViY60cUcjMynKwRgpInvuQF09VFFJ43goe78TO6beB3Q6Zvukf9o5kz4zpzqI4mptYy0VS3ly289xlQvlXMuVXIkGADAjYxzqR4NibjoGLEhiSJA0WYUSN/XnvWePcPd7lh0NtWVmUu9v4kBlkALI0kdRrl3isol7CwoEBYkBRqAASFj2jSlstNmuKkgDViWI8zzrW5Z+IuW4dG0yzHnHyE1pTklfvD5iqhxngt3G3StxSmGQ7aZr7DUbeG2Om7Ea6DWWxzWbOHDsHRFVO6oBIzkAKARqQTtTTGYi5hB8QktbiSIJ9iu4asppQO2fAFtjMO6q7DlP7knaKqHA8QUugbAnT1Gtdt4miYnDi6moYSOoPMHoa4lxaw1m9JgEGYG28xJ3pWoV7T4X4V1bqDQwY9tvkSPY1HODbc3E7wQpcU+QKsv9KtfHUW9hlddSFMddBmX9n+dVnD4sHDlI7xlCfwx/Yx7Vjd9NyS9vS6sGAI2IBHodazUR2UxRu4LDOd2s2p/MEAb9QaK7OaYooooOT8P4m2JxmKxTNKozWrQ+6iEqI/MQWP5q143xUWEDlxnOqr5ciaqPZ/iBwxxNhj3kdxr1Vip/aoTtDxRrrkk15ssblny745THE14zxZ77lnaZNI4K6AhHPN/So9jSll4rvMZJw5XLd2lEvjQhiIMzHPl705CuWc/EmYDHMe9pzPPeocv1rNm6dda0ymDZ0C5xA2GsD25VuFcNmFzvbZgTMERE71EfFPWs/WCKvCaSz23VGBuQpYEqCYYxuRsYA51BYojNpSt/EExTRmmin64goqOujIysp81IIPzFM7al2VRuxCj1JgfvWpeRFPOBD/eLPk6MfRWzH9qmj0l+0F0PibpHhVzbX8luET2yoKuf0T4LPeZ8shFYjlJMKBPpnrmn1pic33iZHrvXZfojtgWrryV8O0awWMag75orNW1YMfwjDYa59Zt2ZuAScp8IbRmUHSQCT86eYQJibZZHDWnXMWBgD8YbltPqPWmyY9LjMVdSQSDBBgglYI9QR6g0/wAWz2zbtraLI5HxGEAAkgZIIKkZZBVokEQZqMpbCBHUMrZxquYNocpKsNN4II16Vm7gLbfZjzUlT81IrXh+DW0uUEnUmTA0+yIUAQqhVHOFEydadtWlM7OGFtMoJI6mJAGw0AECjiDQmbkrIx9A6lv0mlBfVi6jdYDaH7QkanfTpUL2r4vZs4d0uXFR7iMqLqWaRyUax57VlCnCsejs7sQoVwiszAAsyyFE7ECNPOn2BwAR7lyWzXCpZS7MqkAzkB23OsDpsBDHDcVsph0uFx8NmC5sjMJmCpA8Ox1OgjWpwmrBm6gYQwBB3BEg+xppiMMG7pnK2YFQNGZp7zHoNemseVa8NxxvAsFhZIBnUwzCCI6BTv8Aa8q24hhhcTKS41B7pAJ5Ed7SIJ/cagVSq/wphZa5YeFQAxsFGXQEcgIrmPbK3ZuXm+E6Oe8TFxXiNT4SQvpIrp+OwCXMSbbrmR1Csp+0pSCD8qqH0icFt2EHwrKIvUNB56BcvlvNZXascEuM1qD4QV/Ro/aar2Gt997RYKFfKWOgEEqSfKp/s4f4FyeQb9Nar+J0xF/1Y/4x/epGp27n9Ft8vw60DujXU9hcYr+jCs1E/QziJw19J8F6R5B7af1VqK6TpK6HRRQaI809urfwOKYtBoGcv/4irc/56rF551q/fTZhcnEFcDS5ZRp6lSyH9FX51z1zU1y1OiZrZDWpoFVk6itF3Nb29RWh8VAoDW1aiszQJXOVak1vciKT60GpNSHAR/vCfz/5GqPNPeD3wl5GOwYTAkwdDoN96ASzEFv9a7B9HBX6k+YAyyDwzl1HeP61yB7bCQZBG8gjYxXT/o8uu2EuLbgkMhYGZyhiWiCNdBv51i9NVfFwVtnQtkJVwynKZBJ3By6GpPA5/jXmJtFZIJUqXEAZVYqoiO9oxY+gqv8ADeFXA63c4hXZ9i/dMwpuXCWX7PhgaERrUxiEVL7XLtx2RlGRcrMizuu5zbFu6NApLGIowetxvDhshua6knK2VQASSXjKNutC8ZtlPictMpHeDyAe7GsAmNQNQacJgrcEBEhhrAEEUvawyIoRFCqNgBAFBXcLxu87GMMyllmGu7AGJChD139K5p2ze6+IXEO2QoTbCE8u83dOk7N00rtOICqC5AlVbXnG5E+w+VcqxCLisVijcRWVMNmtqw0S5dcIH01J0j59aVY3wlzF2lsL9ZsphsS7A3GRc2HcoQyhmMSQpg+fKrFisdjsPb+Hih8Wy0A4ywssqfaL2xqCR9oaDzqt8N4S5s2RilBQlS2YBlV2QMAwIhSVZRmGu8RU9Y7O38OZweIuWVOvw2/j4c/ysZWeoNJRcuEXbDWUOGZGtxClTI/16zrWoxCXiyq05GhyrsrKwiPDuPEN4lSNdapOIS7bY3LuHfDOfFicHN2zc/8A64XxRruAT+IVMcO7SoVZ7vwyp0bFWDnstGkXR4rB8n7o+9Wg84dhGbF3L7MSpACrJyrAiYOmY9RG1QP0nWpskhzpoVGQgaHU6ZgdetXbBhQoKkHNrIMgztB5iqN9Jzr8Ihkg7ZiAZBIAjKTA33iss1z7gNsixcM8mHrJiq9itcTfPmw/xj+1W3h9sLhR1dk5/izn9FNU5Gku5Pib+5P7ipHSdusfQnZi3in5Nctr7okn/OKzVg+jLhws8PtHnem8x/PGQeyhB7UVtKttasa2NJXDVRyD6d8NIwt0cjdQ++Vl/Zq5DXof6R+CHGYVkT/5iMLiCYzMoIKydBIY784rz5icO9tijqyMuhVgVYeoNRSJFAFZmiaBZAOYrDqOVFtqy7iqjInpWcnn8tKwrVtNBo6CNKT50qRSJoNWpSxcKsrDdSGHsZ/pSbVigsuLWxncu10kszaZSDmOYGWPMEH3q4/RfiEF57Ut8O4rKQTDaiSCV38LbcjXPGfMqNzyhT6pp/ly1M9ksebOJRh1HuQZj31HvXLWr26XnHp1/HXL7lLK5wuYq3jQwASoJCE20IG+h1HvPYfA57SLcytcQdx4IBO8ETJQlVlZhstb3EL5cSmVtBCCRnWJ1PM7GI5RTNC2IuwcyoCGDKTIy5GIYiMjlpWNe6pjxGNxySeDvXA7LcDQWyoYXWFJLkjYEKp28TkctJWo27jHV1RVViQphmKtDPBKgAyFUMx9hpTi9ecFQoXUmS0nZ1UgAcyC2s6aaHWqsJcTuoFyM4U3JRJIBZirHKoO5hSY8jXMLFti2IRfFcPDrIP5rrMf0Qmum8QsMwMRmVl8RgZcwYP6qQSOuUjSZFA7OWycf8JoYoUvsy+A5LbokD816algv6WELXbbKCrBGKkSIKZIj/u6Qt8Me1pYukJ9xxnUeSmZX9adnS8Pxof8Dj/1KdVU2h8bhb7gGLQZZKsA5gnQmJFRH+yEZs2Itt8U/wD5CM1u76Z0IOX8JkdZqwcN4vavtcVCc9pijqQVYHkYP2TyPOnzIDuKmjbnD9jsVhyXwGNJUkn4V4xqxmFuKInXYrB5zUD2o4ti2ti1irRVg0F4UaaahkYo866gL6CupY60qjVe6wMnQqI3zKeUaztprFULtDbW5fyliyKJMmQvdGx6QJ1+9UtNq1xHEILICxCo7HrmcZEHrGeqaUMKo3MtHrt+gHzqe4rGQINPiPnHkg8M/wAuvvVfv3tSw03g9FiI+VSdN4vSfZQp9SwwQhlFm0ojqiBW9wQQfMUUn2MwZs4HDW3EMtpMw5gsMxB8wWoroymzTa8acmm94UELj3iaqnFkR/Git+ZQ371aeILvVXx9s0FZxOGQbIg9FUf0qDx1ocgPlVoxGHNRuIwRPKgo+MsgmTp57/pzptewrBS0ZkEDMuqgnYHofKrNjeGEzpUO2AuoZTWNR1Hz0oIgPW2en1+44zF0knd2UkjzB2puxtlQAuU82zEz7cqBHPWrGnbWLZaFZlWN2EmY6LWgwoMw6wNiZBbTkIPT9RQNTQKywra0YYHzH70C+FbdTz1HqN/mP2FOkJBBGhGo9qQxlnI2m26n+ntStt5E1jL664/K7d2K7Ro2GLsrO9pSVVQXbXQhV+8CSJ6Ecqm+DcKxDu2JvObTvqlpIyoI2fTvseZ8hG1cZ7HcbOGvqc0KTudg22v4TsfY8q7vhMarIbqS5fugExkb7h+6skkn9xACOeWPjSv1e7nVmCuViCrumgzQCuq/aMxvCzMCl7oZlIZVAEnxtzBnYCdzz6HlTnOJiRMAxzgzBjpoflUJ2vxrW8Oyoe/cK20/O5CA+0z7UZ22XiKXcObjd0MLipOgYJm7wHSFLCTtUb2e4WbWIu4hyoW4mHRDmBmFOfTl3gvrFWTBYREtJaAGREVAOUARrW9yyseFdI5DkZH7n50Da9iVL2mU5pLJ3ddGQvoefgFLvbLiGJVT9kGCdRuwPly3Bra7bBycoYERy0P9496WitCmdrsM+GurxHDqSUAXEIP/ALlv735h19OkVZsHxS3ctJfRpRwDmHIHm3SDoems7GlsUVyNmGZdmGmx0Yn0BmPKqP2fwr4DFXcMcxwt1TdtNBItsCMyn7oiN+YXmTQWPieK+GrO0lNYzHUE7JrqQSfaPYc+4khLFCdbnfuHmqfd8s0R6BulT/FsZmPhLKCRbQky7HXMSdh58hVS49eVFKl5YnNdcaSRplE8tgB5DzrF5IqvFcUSWcnVpVB0QHUj12+dXb6N+wnxMmLxSdwQ1q2R4zuLjj7vQc99omN7AdnPr2IOIvL/ALvaIhSO67Dwp5qogt10HM129a1I3brhuKxWRWK0yyaTdaUrBFBF4rDzUPieHzyq0MlJtYFBTbnC/Km78H8quxwo6VocIKCg3uBzypo/Z3yroxwY6UfUR0oOdJ2b8q3bsfbbxW0b1UGuirgx0pZcKOlBzAfRzhX3tkeasy/pMfpUX2i+jnCYe2H+NfDOwRE/hsXYgmAWyACFJ1PKuyrhxTDj/ArWLsmzckCQyusZ0dfC6k8xr6gkc6DzVxDgr2pztbH4fi22f3RGaDUYLJ6iuu4/6J8S7z9Zsx94o4J/k1A/4jUbifojxi+G9h38iXQ/5CKl21NKFiXzwAIUH1PzpEKFOxI15xrGh228qtGN7A8RtzOHLgc0dH+Szm/SoDF4S5bOW6jox+yyMhPoGAms8xvUpNAOVdF7AdrSjLZuNvCqWMK42CMTs33W9ulc1Qld9qdIQRU6NTKaelUu9wtbPj01ElGiNfulRyOhjlOsTi3+scRtW/sYZDdfpnYFLYJ8hnaucdk+3T2CqXyzoNA41dR0YfbTyOo5TtXTeEXcPc+JfsMua9Bd1JcSq5VlDqkfdPyquNmu1it4hSFbk/h89CR+gJrXEXVCuZ8AOY9IXN+xBpkMOe5lykLJ0kHwlQQF23O9D4ZitwR45jvPB7gXvdOkdK0I1eNOMYuGYLk+F8QGDmLK0xMxGVTyqZu4zu5hplY5pIC5VYqSWPKO9p5VC/8Aw474qziSwX4aOpXfOWBA1nRYY/pU/wDBRZzNqx2J8gIAPptQNHaGLHZu8fzAACF5kgb/AIR51X+LJcuhUUMEVgcskz0LnnryqzmyzHRYHVpH+Hf9vWoHtB2jw2EU94O8GFUj9SNB+/WsmkJxoiwjO7AuwyzsFX7q9B15k/pz7CYW5j74tJK21Mu8eFfvebHUAf8AvSmP4hfx93vGBOgHhUenM10LstwtLCBEEcyebHmSasjfX9WbguCSxaS1bXKiCAP3JPMkySeZNS60xwwp+orTLcVisisUGaKKKDEURWaKDEURWaKDEURWaKDEURWaKANaGtjWtBoxpNqWIpJ1oGd41D8Swtu6pW6iOv3XUMPXXY1N3kqNvpQUDinYHDNJtM1on7PjSfyt3h7MKqWO7E4m2SUyXB0VsrH+VtB8zXXbyUwxCVNLtxt8K6GHR0P4lIHs2x9qd8Mxj23m07oyxLqcv8pjf0romJTlVfxfDE1KoFP4RA+Q0qaXf1M8I7cYlQFuIl4dSMj/ADXu/wCGrZhe2VtoD4e4D0R1Yf5l/auUo72z4ZHrFSOH7RonisuT5ZSP1IpdpqOrp2hskaWrn8zLHv3zSOI7U27chUUGJgak+ZAA/euZXe2IPhsv5TlH/Magn4nfe7cuqiguFUTLZVWdOUkzNT/S8Lrx/tjfugqG+GnMA/v5es1SXc3WhSWnduXz51m3w65dMuxPlsPkNKtXCOEBY0q6Tfwt2e4UEAMVecDb2phgMLA2qwYWxFaQ6sJToVoi0oKDIrFFFBmiiigKKKKAooooCiiigKKKKDBooNFBiK1IreigbulNLtmpErWjJQQl3DUyvYSrG9mkXw3lQVDEYLyphd4f5Vd3wc0g/Dx0oKLc4XPKmr8HB5Vf24d5VoeGjpQUD/Yg6Upb4MOlXr/Zg6UonDB0oKnhuF+VTuC4dHKpm1w8DlT61hwKBrhsLFP0SK3VK3oMAVsKwBWaAooooCiiigKKKKAooooCiiigKKKKDBFAFZooCsRWaKDEURWaKDEVjLW1FAmUrBSlaKBH4dY+HS9FAh8KtglK0UGgWtgKzRQYiiKzRQFFFFAUUUUH/9k=');

INSERT INTO SUB_CATEGORY (ID, NAME, CATEGORY_ID)
VALUES ('2224f8fd-181f-11ee-a323-902b34728d5d', 'Áo sơ mi', 'ec961743-181a-11ee-a323-902b34728d5d'),
       ('2224ffc7-181f-11ee-a323-902b34728d5d', 'Quần jeans', 'ec961743-181a-11ee-a323-902b34728d5d'),
       ('22250276-181f-11ee-a323-902b34728d5d', 'Quần tây', 'ec961743-181a-11ee-a323-902b34728d5d')
;
INSERT INTO SUB_CATEGORY (ID, NAME, CATEGORY_ID)
VALUES ('8b1ad1a1-181f-11ee-a323-902b34728d5d', 'Điện thoại', 'ec961d20-181a-11ee-a323-902b34728d5d'),
       ('8b1ad8ec-181f-11ee-a323-902b34728d5d', 'Máy tính bảng', 'ec961d20-181a-11ee-a323-902b34728d5d'),
       ('8b1adadd-181f-11ee-a323-902b34728d5d', 'Pin dự phòng', 'ec961d20-181a-11ee-a323-902b34728d5d')
;
INSERT INTO SUB_CATEGORY (ID, NAME, CATEGORY_ID)
VALUES ('a1482d67-181f-11ee-a323-902b34728d5d', 'Tivi', 'ec961ee8-181a-11ee-a323-902b34728d5d'),
       ('a1483742-181f-11ee-a323-902b34728d5d', 'Loa', 'ec961ee8-181a-11ee-a323-902b34728d5d'),
       ('a14839d2-181f-11ee-a323-902b34728d5d', 'Đĩa game', 'ec961ee8-181a-11ee-a323-902b34728d5d')
;
INSERT INTO SUB_CATEGORY (ID, NAME, CATEGORY_ID)
VALUES ('d1c39e6c-181f-11ee-a323-902b34728d5d', 'Máy tính bàn', 'ec9620c7-181a-11ee-a323-902b34728d5d'),
       ('d1c3a632-181f-11ee-a323-902b34728d5d', 'Màn hình', 'ec9620c7-181a-11ee-a323-902b34728d5d'),
       ('d1c3a810-181f-11ee-a323-902b34728d5d', 'Thiết bị mạng', 'ec9620c7-181a-11ee-a323-902b34728d5d')
;
INSERT INTO SUB_CATEGORY (ID, NAME, CATEGORY_ID)
VALUES ('0de5cbcb-1820-11ee-a323-902b34728d5d', 'Ống kính', 'ec96229a-181a-11ee-a323-902b34728d5d'),
       ('0de5d34a-1820-11ee-a323-902b34728d5d', 'Phụ kiện máy ảnh', 'ec96229a-181a-11ee-a323-902b34728d5d'),
       ('0de5d54b-1820-11ee-a323-902b34728d5d', 'Thẻ nhớ', 'ec96229a-181a-11ee-a323-902b34728d5d'),
       ('0de5d74f-1820-11ee-a323-902b34728d5d', 'Máy ảnh', 'ec96229a-181a-11ee-a323-902b34728d5d')
;
INSERT INTO SUB_CATEGORY (ID, NAME, CATEGORY_ID)
VALUES ('2b7fe3c3-1822-11ee-a323-902b34728d5d', 'Quần đùi', 'ec962488-181a-11ee-a323-902b34728d5d'),
       ('2b7fea8f-1822-11ee-a323-902b34728d5d', 'Chân váy', 'ec962488-181a-11ee-a323-902b34728d5d'),
       ('2b7fec8f-1822-11ee-a323-902b34728d5d', 'Áo thun nữ', 'ec962488-181a-11ee-a323-902b34728d5d'),
       ('2b7fee25-1822-11ee-a323-902b34728d5d', 'Đồ lót', 'ec962488-181a-11ee-a323-902b34728d5d');
INSERT INTO SUB_CATEGORY (ID, NAME, CATEGORY_ID)
VALUES ('55229250-1822-11ee-a323-902b34728d5d', 'Đồ ăn dặm', 'ec9625eb-181a-11ee-a323-902b34728d5d'),
       ('5522993a-1822-11ee-a323-902b34728d5d', 'Đồ chơi', 'ec9625eb-181a-11ee-a323-902b34728d5d'),
       ('55229b27-1822-11ee-a323-902b34728d5d', 'Phụ kiện cho mẹ', 'ec9625eb-181a-11ee-a323-902b34728d5d'),
       ('55229ccc-1822-11ee-a323-902b34728d5d', 'Tã và bỉm', 'ec9625eb-181a-11ee-a323-902b34728d5d')
;
INSERT INTO SUB_CATEGORY (ID, NAME, CATEGORY_ID)
VALUES ('8b1cffac-1822-11ee-a323-902b34728d5d', 'Chăn ga gối nệm', 'ec9627aa-181a-11ee-a323-902b34728d5d'),
       ('8b1d07bd-1822-11ee-a323-902b34728d5d', 'Đồ nội thất', 'ec9627aa-181a-11ee-a323-902b34728d5d'),
       ('8b1d09e2-1822-11ee-a323-902b34728d5d', 'Đồ dùng nhà bếp', 'ec9627aa-181a-11ee-a323-902b34728d5d'),
       ('8b1d0b7b-1822-11ee-a323-902b34728d5d', 'Trang trí nhà cửa', 'ec9627aa-181a-11ee-a323-902b34728d5d')
;

insert into sub_category (ID, NAME, ACTIVE, CATEGORY_ID)
values ('b8ed32e5-1822-11ee-a323-902b34728d5d', 'Vật tư y tế', 1, 'ec9629ab-181a-11ee-a323-902b34728d5d'),
       ('b8ed3a98-1822-11ee-a323-902b34728d5d', 'Thực phẩm chức năng', 1, 'ec9629ab-181a-11ee-a323-902b34728d5d'),
       ('b8ed3c8e-1822-11ee-a323-902b34728d5d', 'Hỗ trợ tình dục', 1, 'ec9629ab-181a-11ee-a323-902b34728d5d'),
       ('b8ed3ea7-1822-11ee-a323-902b34728d5d', 'Hỗ trợ làm đẹp', 1, 'ec9629ab-181a-11ee-a323-902b34728d5d');

insert into sub_category (ID, NAME, ACTIVE, CATEGORY_ID)
values ('02d288e9-1823-11ee-a323-902b34728d5d', 'Đồng hồ nam', 1, 'ec962b68-181a-11ee-a323-902b34728d5d'),
       ('02d2902a-1823-11ee-a323-902b34728d5d', 'Đồng hồ nữ', 1, 'ec962b68-181a-11ee-a323-902b34728d5d'),
       ('02d29227-1823-11ee-a323-902b34728d5d', 'Đồng hồ trẻ em', 1, 'ec962b68-181a-11ee-a323-902b34728d5d'),
       ('02d29405-1823-11ee-a323-902b34728d5d', 'Phụ kiện đồng hồ', 1, 'ec962b68-181a-11ee-a323-902b34728d5d');

INSERT INTO USER (ID, EMAIL, FULL_NAME, PHONE, USERNAME, PASSWORD, AVATAR)
VALUES ('3d7998a6-1767-11ee-a323-902b34728d5d', 'huong@gmail.com', 'Đoàn Hưởng', '0888888888', 'huong',
        '$2a$10$/fEKrX3F3sRz/CMMCgIaXuYaM01ZamVlqvf4TeQxOUupGUDBkpliK',
        'https://ca.slack-edge.com/T03P7C5U7P1-U04GVPQFDQC-6b1e7b54df01-512');
#Mật khẩu: Huong@123

INSERT INTO USERS_ROLES (USER_ID, ROLE_ID)
VALUES ('3d7998a6-1767-11ee-a323-902b34728d5d', '5a8eddc3-1818-11ee-a323-902b34728d5d');
#role customer

INSERT INTO USERS_ROLES (USER_ID, ROLE_ID)
VALUES ('3d7998a6-1767-11ee-a323-902b34728d5d', '5a8ee04f-1818-11ee-a323-902b34728d5d');
#role seller

INSERT INTO user (ID, ACTIVE, EMAIL, FULL_NAME, PASSWORD, PHONE, USERNAME, WALLET, AVATAR)
VALUES ('c5ac5ee0-181d-11ee-a323-902b34728d5d', 1, 'minhminh1031997@gmail.com', 'Minh Nhựa',
        '$2a$10$/fEKrX3F3sRz/CMMCgIaXuYaM01ZamVlqvf4TeQxOUupGUDBkpliK', '0777777777', 'minh', 0,
        'https://scontent.fsgn5-6.fna.fbcdn.net/v/t39.30808-6/310214512_1388990424842524_4332263749664439419_n.jpg?stp=cp6_dst-jpg&_nc_cat=108&ccb=1-7&_nc_sid=09cbfe&_nc_ohc=iAVIsY1_OHoAX8zeCek&_nc_ht=scontent.fsgn5-6.fna&oh=00_AfCykvxpbEtxcIYcKoc_v3NoVXJ2A0CxNwnm1r2fgXN4mg&oe=64BAE4C7');
INSERT INTO user (ID, ACTIVE, EMAIL, FULL_NAME, PASSWORD, PHONE, USERNAME, WALLET) 
VALUES ('7084e315-2fb0-11ee-b24f-902b34728d5d', 1, 'doanhuong1992vn@gmail.com', 'Phú Bà', '$2a$10$/fEKrX3F3sRz/CMMCgIaXuYaM01ZamVlqvf4TeQxOUupGUDBkpliK', '0888442448', 'phubashopping', 0);

insert into USER_LOCATION (ID, TYPE_ADDRESS, IS_DEFAULT_ADDRESS, DEPUTY_NAME, PHONE_NUMBER, PROVINCE, DISTRICT, WARD, HAMLET, ADDRESS, USER_ID)
values  (UUID(), 'Nhà riêng', 1, 'Minh Nhôm', '0888445446', 'Thành phố Hồ Chí Minh', 'Quận 3', 'Phường Võ Thị Sáu', 'TDP 1', '331 Nam Kỳ Khởi Nghĩa', 'c5ac5ee0-181d-11ee-a323-902b34728d5d'),
		(UUID(), 'Chung cư', 1, 'Phú Bà', '0888442448', 'Thành phố Hồ Chí Minh', 'Quận 10', 'Phường 4', 'TDP 1', '340 Ngô Gia Tự', '7084e315-2fb0-11ee-b24f-902b34728d5d');
INSERT INTO USERS_ROLES (USER_ID, ROLE_ID)
VALUES ('c5ac5ee0-181d-11ee-a323-902b34728d5d', '5a8eddc3-1818-11ee-a323-902b34728d5d'),
	   ('7084e315-2fb0-11ee-b24f-902b34728d5d', '5a8eddc3-1818-11ee-a323-902b34728d5d');
#role customer

INSERT INTO SELLER (ID, NAME, USER_ID, IMAGE)
VALUES ('43f3bf79-181c-11ee-a323-902b34728d5d', 'Top Trend Fashion', '3d7998a6-1767-11ee-a323-902b34728d5d',
        'https://i.pinimg.com/736x/4f/8e/23/4f8e23187c17e0ca48cd1e64b787bf72.jpg');
INSERT INTO SELLER (ID, NAME, IMAGE, USER_ID) 
VALUES ('8997ed1f-2faf-11ee-b24f-902b34728d5d', 'Shop Minh Nhựa', 'https://img.freepik.com/free-vector/shop-with-sign-we-are-open_52683-38687.jpg', 'c5ac5ee0-181d-11ee-a323-902b34728d5d');
insert into SELLER_LOCATION (ID, TYPE_ADDRESS, IS_DEFAULT_ADDRESS, DEPUTY_NAME, PHONE_NUMBER, PROVINCE, DISTRICT, WARD, HAMLET, ADDRESS, SELLER_ID)
values  ('01bab280-8add-487b-af3d-9ae6f658128a', 'Tổng kho', 1, 'Đoàn Hưởng', '0888442448', 'Thành phố Hồ Chí Minh', 'Quận Phú Nhuận', 'Phường 10', 'TDP 12', '21K Nguyễn Văn Trỗi', '43f3bf79-181c-11ee-a323-902b34728d5d');
insert into SELLER_LOCATION (ID, TYPE_ADDRESS, IS_DEFAULT_ADDRESS, DEPUTY_NAME, PHONE_NUMBER, PROVINCE, DISTRICT, WARD, HAMLET, ADDRESS, SELLER_ID)
values  (UUID(), 'Cửa hàng', 0, 'Minh Nhôm', '0888445446', 'Thành phố Hồ Chí Minh', 'Quận 3', 'Phường 4', 'TDP 11', '87 Đường số 4', '43f3bf79-181c-11ee-a323-902b34728d5d');
insert into SELLER_LOCATION (ID, TYPE_ADDRESS, IS_DEFAULT_ADDRESS, DEPUTY_NAME, PHONE_NUMBER, PROVINCE, DISTRICT, WARD, HAMLET, ADDRESS, SELLER_ID)
values  (UUID(), 'Kho chính', 1, 'Minh Nhôm', '0888445448', 'Thành phố Hà Nội', 'Quận Hai Bà Trưng', 'Phường Nguyễn Du', 'TDP 1', '69 Triệu Việt Vương', '8997ed1f-2faf-11ee-b24f-902b34728d5d');
INSERT INTO PRODUCT (ID, NAME, IMAGE, DESCRIPTION, VIEW, NUMBER_OF_PURCHASE, MIN_PRICE_OF_VARIANTS,
                     MAX_PRICE_OF_VARIANTS,
                     DEFINITION_OF_COLOR, DEFINITION_OF_SIZE, ACTIVE, IS_SHOWN, SUB_CATEGORY_ID, SELLER_ID)
VALUES ('d1ce1b77-181c-11ee-a323-902b34728d5d', 'Quần đùi',
        'https://encrypted-tbn0.gstatic.com/photos?q=tbn:ANd9GcSCV3swAC9hXBua5Y-o5iPru59Bv9g0dsZlDQ&usqp=CAU', null,
        0, 0, 12000, 12000, 'Color', 'Size', 1, 1, '2b7fe3c3-1822-11ee-a323-902b34728d5d',
        '43f3bf79-181c-11ee-a323-902b34728d5d');
INSERT INTO size (ID, NAME, ACTIVE)
VALUES ('27d0d51c-181d-11ee-a323-902b34728d5d', 'XL', 1);
INSERT INTO color (ID, NAME, ACTIVE)
VALUES ('40f76f02-181d-11ee-a323-902b34728d5d', 'Xanh dương', 1);
INSERT INTO variant (ID, IMPORT_PRICE, SALE_PRICE, STOCK, WEIGHT, ACTIVE, IS_SHOWN, PRODUCT_ID, SIZE_ID, COLOR_ID)
VALUES ('762e4db8-181d-11ee-a323-902b34728d5d', 10000, 12000, 10, 100, 1, 1, 'd1ce1b77-181c-11ee-a323-902b34728d5d',
        '27d0d51c-181d-11ee-a323-902b34728d5d', '40f76f02-181d-11ee-a323-902b34728d5d');
INSERT INTO cart (ID, USER_ID)
VALUES  (UUID(), '5a95a5f3-1818-11ee-a323-902b34728d5d'),
		(UUID(), '3d7998a6-1767-11ee-a323-902b34728d5d'),
        (UUID(), '7084e315-2fb0-11ee-b24f-902b34728d5d');
INSERT INTO cart (ID, USER_ID)
VALUES ('77cedea1-181e-11ee-a323-902b34728d5d', 'c5ac5ee0-181d-11ee-a323-902b34728d5d');
#cart của Minh nhựa
INSERT INTO cart_line (ID, QUANTITY, CART_ID, VARIANT_ID)
VALUES ('b2843002-181e-11ee-a323-902b34728d5d', 2, '77cedea1-181e-11ee-a323-902b34728d5d',
        '762e4db8-181d-11ee-a323-902b34728d5d');

INSERT INTO ORDERS (ID, BUYER_ID, SELLER_ID, TOTAL_PRICE, SHIPPING_FEE, STATUS, DELIVERY_SERVICE, COGY_ORDER_CODE, DELIVERY_TRACKING_CODE, REQUEST_TIME, CONFIRM_TIME, PICK_UP_TIME, COMPLETE_TIME, CANCEL_TIME)
VALUES ('178d5548-296f-11ee-81ed-902b34728d5d', 'c5ac5ee0-181d-11ee-a323-902b34728d5d', '43f3bf79-181c-11ee-a323-902b34728d5d', 120000, 20000, 'DELIVERING', 'GHTK', '230723223920178d5548', null, '2023-07-20 22:39:20', '2023-07-21 07:39:20', '2023-07-22 10:39:20', null, null);
INSERT INTO ORDERS (ID, BUYER_ID, SELLER_ID, TOTAL_PRICE, SHIPPING_FEE, STATUS, DELIVERY_SERVICE, COGY_ORDER_CODE, DELIVERY_TRACKING_CODE, REQUEST_TIME, CONFIRM_TIME, PICK_UP_TIME, COMPLETE_TIME, CANCEL_TIME)
VALUES ('178f180b-296f-11ee-81ed-902b34728d5d', 'c5ac5ee0-181d-11ee-a323-902b34728d5d', '43f3bf79-181c-11ee-a323-902b34728d5d', 180000, 20000, 'COMPLETE', 'GHN', '230723223920178f180b', null, '2023-07-15 15:45:50', '2023-07-15 17:45:50', '2023-07-16 09:45:50', null, null);
INSERT INTO ORDERS (ID, BUYER_ID, SELLER_ID, TOTAL_PRICE, SHIPPING_FEE, STATUS, DELIVERY_SERVICE, COGY_ORDER_CODE, DELIVERY_TRACKING_CODE, REQUEST_TIME, CONFIRM_TIME, PICK_UP_TIME, COMPLETE_TIME, CANCEL_TIME)
VALUES ('1790e800-296f-11ee-81ed-902b34728d5d', 'c5ac5ee0-181d-11ee-a323-902b34728d5d', '43f3bf79-181c-11ee-a323-902b34728d5d', 12000, 20000, 'CANCELED', 'GHN', '2307232239201790e800', null, '2023-07-14 10:39:25', null, null, null, '2023-07-14 11:01:20');
INSERT INTO ORDER_DETAIL (ID, QUANTITY, VARIANT_ID, ORDERS_ID)
VALUES  ('81a5c674-2970-11ee-81ed-902b34728d5d', 10, '762e4db8-181d-11ee-a323-902b34728d5d', '178d5548-296f-11ee-81ed-902b34728d5d'),
        ('81a6ca56-2970-11ee-81ed-902b34728d5d', 15, '762e4db8-181d-11ee-a323-902b34728d5d', '178f180b-296f-11ee-81ed-902b34728d5d'),
        ('81a7d617-2970-11ee-81ed-902b34728d5d', 1, '762e4db8-181d-11ee-a323-902b34728d5d', '1790e800-296f-11ee-81ed-902b34728d5d');


